Skill,Count,Troop Combination Code,Troop Combo Description,Skill Combination Code,Skill Combo Description,Action Code,Action Description
EM,1,,,EM,Empty,,
Future,0,,,,,,
Future,0,,,,,,
Future,0,,,,,,
MS,1,,,MS,March Size Increase,,
MS-RA&SG-DF-wAT,1,MS-RA,Range & Siege,12,March Size Increase,A,Attacking
Future,0,,,,,,
Future,0,,,,,,
RC,1,,,RC,Rally Capacity Increase,,
Future,0,,,,,,
Future,0,,,,,,
Future,0,,,,,,
DD-wMA,1,DD-MA,Double Drop Increase,,,,Attacking Monsters
RS-wMA,1,RS-MA,Reduce Stamina,,,,Attacking Monsters
Future,0,,,,,,
Future,0,,,,,,
Future,0,,,,,,
RM-AT-wMA,1,RM,Reduce Monster,1,Reduce Monster Attack,M,Attacking Monsters
RM-DF-wMA,1,RM,Reduce Monster,2,Reduce Monster Defense,M,Attacking Monsters
Future,0,,,,,,
Future,0,,,,,,
Future,0,,,,,,
TR-WtD-wLD,1,TR-WtD,Troop Wounded to Death,,,L,Leading
Future,0,,,,,,
Future,0,,,,,,
Future,0,,,,,,
TR-WtD-wAT,1,TR-WtD,Troop Wounded to Death,,,A,Attacking
Future,0,,,,,,
Future,0,,,,,,
Future,0,,,,,,
TR-DtW-wLD,1,TR-DtW,Troop Death to Wounded,,,L,Leading
Future,0,,,,,,
Future,0,,,,,,
Future,0,,,,,,
TR-DtW-wAT,1,TR-DtW,Troop Death to Wounded,,,A,Attacking
Future,0,,,,,,
Future,0,,,,,,
Future,0,,,,,,
ET-WtD-wLD,1,ET-WtD,Enemy Troop Wounded to Death,,,L,Leading
Future,0,,,,,,
Future,0,,,,,,
Future,0,,,,,,
ET-WtD-wAT,1,ET-WtD,Enemy Troop Wounded to Death,,,A,Attacking
Future,0,,,,,,
Future,0,,,,,,
Future,0,,,,,,
RE-TR-AT-wLD,1,RE-TR,Reduce Enemy All-Troop,1,Attack,L,Leading
RE-TR-DF-wLD,1,RE-TR,Reduce Enemy All-Troop,2,Defense,L,Leading
RE-TR-HP-wLD,1,RE-TR,Reduce Enemy All-Troop,3,HP,L,Leading
Future,0,,,,,,
Future,0,,,,,,
Future,0,,,,,,
RE-GR-AT-wLD,1,RE-GR,Reduce Enemy Ground,1,Attack,L,Leading
RE-GR-DF-wLD,1,RE-GR,Reduce Enemy Ground,2,Defense,L,Leading
RE-GR-HP-wLD,1,RE-GR,Reduce Enemy Ground,3,HP,L,Leading
Future,0,,,,,,
Future,0,,,,,,
Future,0,,,,,,
RE-GR&MT-AT-wLD,1,RE-GR,Reduce Enemy Ground & Mounted,11,Attack,L,Leading
RE-GR&MT-DF-wLD,1,RE-GR,Reduce Enemy Ground & Mounted,12,Defense,L,Leading
RE-GR&MT-HP-wLD,1,RE-GR,Reduce Enemy Ground & Mounted,13,HP,L,Leading
Future,0,,,,,,
Future,0,,,,,,
Future,0,,,,,,
RE-RA-AT-wLD,1,RE-RA,Reduce Enemy Ranged,1,Attack,L,Leading
RE-RA-DF-wLD,1,RE-RA,Reduce Enemy Ranged,2,Defense,L,Leading
RE-RA-HP-wLD,1,RE-RA,Reduce Enemy Ranged,3,HP,L,Leading
Future,0,,,,,,
Future,0,,,,,,
Future,0,,,,,,
RE-RA&SG-AT-wLD,1,RE-RA,Reduce Enemy Ranged & Siege,11,Attack,L,Leading
RE-RA&SG-DF-wLD,1,RE-RA,Reduce Enemy Ranged & Siege,12,Defense,L,Leading
RE-RA&SG-HP-wLD,1,RE-RA,Reduce Enemy Ranged & Siege,13,HP,L,Leading
Future,0,,,,,,
Future,0,,,,,,
Future,0,,,,,,
RE-MT-AT-wLD,1,RE-MT,Reduce Enemy Mounted,1,Attack,L,Leading
RE-MT-DF-wLD,1,RE-MT,Reduce Enemy Mounted,2,Defense,L,Leading
RE-MT-HP-wLD,1,RE-MT,Reduce Enemy Mounted,3,HP,L,Leading
Future,0,,,,,,
Future,0,,,,,,
Future,0,,,,,,
RE-MT&GR-AT-wLD,1,RE-MT,Reduce Enemy Mounted & Ground,11,Attack,L,Leading
RE-MT&GR-DF-wLD,1,RE-MT,Reduce Enemy Mounted & Ground,12,Defense,L,Leading
RE-MT&GR-HP-wLD,1,RE-MT,Reduce Enemy Mounted & Ground,13,HP,L,Leading
Future,0,,,,,,
Future,0,,,,,,
Future,0,,,,,,
RE-SG-AT-wLD,1,RE-SG,Reduce Enemy Siege,1,Attack,L,Leading
RE-SG-DF-wLD,1,RE-SG,Reduce Enemy Siege,2,Defense,L,Leading
RE-SG-HP-wLD,1,RE-SG,Reduce Enemy Siege,3,HP,L,Leading
Future,0,,,,,,
Future,0,,,,,,
Future,0,,,,,,
RE-SG&RA-AT-wLD,1,RE-SG,Reduce Enemy Siege & Ranged,11,Attack,L,Leading
RE-SG&RA-DF-wLD,1,RE-SG,Reduce Enemy Siege & Ranged,12,Defense,L,Leading
RE-SG&RA-HP-wLD,1,RE-SG,Reduce Enemy Siege & Ranged,13,HP,L,Leading
Future,0,,,,,,
Future,0,,,,,,
Future,0,,,,,,
RE-TR-AT-wAT,1,RE-TR,,1,,A,
RE-TR-DF-wAT,1,RE-TR,,2,,A,
RE-TR-HP-wAT,1,RE-TR,,3,,A,
Future,0,,,,,,
Future,0,,,,,,
Future,0,,,,,,
RE-GR-AT-wAT,1,RE-GR,,1,,A,
RE-GR-DF-wAT,1,RE-GR,,2,,A,
RE-GR-HP-wAT,1,RE-GR,,3,,A,
Future,0,,,,,,
Future,0,,,,,,
Future,0,,,,,,
RE-GR&MT-AT-wAT,1,RE-GR,,11,,A,
RE-GR&MT-DF-wAT,1,RE-GR,,12,,A,
RE-GR&MT-HP-wAT,1,RE-GR,,13,,A,
Future,0,,,,,,
Future,0,,,,,,
Future,0,,,,,,
RE-RA-AT-wAT,1,RE-RA,,1,,A,
RE-RA-DF-wAT,1,RE-RA,,2,,A,
RE-RA-HP-wAT,1,RE-RA,,3,,A,
Future,0,,,,,,
Future,0,,,,,,
Future,0,,,,,,
RE-RA&SG-AT-wAT,1,RE-RA,,11,,A,
RE-RA&SG-DF-wAT,1,RE-RA,,12,,A,
RE-RA&SG-HP-wAT,1,RE-RA,,13,,A,
Future,0,,,,,,
Future,0,,,,,,
Future,0,,,,,,
RE-MT-AT-wAT,1,RE-MT,,1,,A,
RE-MT-DF-wAT,1,RE-MT,,2,,A,
RE-MT-HP-wAT,1,RE-MT,,3,,A,
Future,0,,,,,,
Future,0,,,,,,
Future,0,,,,,,
RE-MT&GR-AT-wAT,1,RE-MT,,11,,A,
RE-MT&GR-DF-wAT,1,RE-MT,,12,,A,
RE-MT&GR-HP-wAT,1,RE-MT,,13,,A,
Future,0,,,,,,
Future,0,,,,,,
Future,0,,,,,,
RE-SG-AT-wAT,1,RE-SG,,1,,A,
RE-SG-DF-wAT,1,RE-SG,,2,,A,
RE-SG-HP-wAT,1,RE-SG,,3,,A,
Future,0,,,,,,
Future,0,,,,,,
Future,0,,,,,,
RE-SG&RA-AT-wAT,1,RE-SG,,11,,A,
RE-SG&RA-DF-wAT,1,RE-SG,,12,,A,
RE-SG&RA-HP-wAT,1,RE-SG,,13,,A,
Future,0,,,,,,
Future,0,,,,,,
Future,0,,,,,,
TR-AT-wLD,1,TR,,1,,L,
TR-DF-wLD,1,TR,,2,,L,
TR-HP-wLD,1,TR,,3,,L,
Future,0,,,,,,
Future,0,,,,,,
Future,0,,,,,,
TR-AT-wAT,1,TR,,1,,A,
TR-DF-wAT,1,TR,,2,,A,
TR-HP-wAT,1,TR,,3,,A,
Future,0,,,,,,
Future,0,,,,,,
Future,0,,,,,,
GR-AT-wLD,1,GR,,1,,L,
GR-DF-wLD,1,GR,,2,,L,
GR-HP-wLD,1,GR,,3,,L,
GR-AT&DF-wLD,1,GR,,4,,L,
GR-AT&HP-wLD,1,GR,,5,,L,
GR-AT&DF&HP-wLD,1,GR,,6,,L,
GR-DF&HP-wLD,1,GR,,7,,L,
Future,0,,,,,,
Future,0,,,,,,
Future,0,,,,,,
GR&MT-AT-wLD,1,GR,,11,,L,
GR&MT-DF-wLD,1,GR,,12,,L,
GR&MT-HP-wLD,1,GR,,13,,L,
GR&MT-AT&DF-wLD,1,GR,,14,,L,
GR&MT-AT&HP-wLD,1,GR,,15,,L,
GR&MT-AT&DF&HP-wLD,1,GR,,16,,L,
GR&MT-DF&HP-wLD,1,GR,,17,,L,
Future,0,,,,,,
Future,0,,,,,,
Future,0,,,,,,
GR&RA-AT-wLD,1,GR,,21,,L,
GR&RA-DF-wLD,1,GR,,22,,L,
GR&RA-HP-wLD,1,GR,,23,,L,
GR&RA-AT&DF-wLD,1,GR,,24,,L,
GR&RA-AT&HP-wLD,1,GR,,25,,L,
GR&RA-AT&DF&HP-wLD,1,GR,,26,,L,
GR&RA-DF&HP-wLD,1,GR,,27,,L,
Future,0,,,,,,
Future,0,,,,,,
Future,0,,,,,,
GR&SG-AT-wLD,1,GR,,31,,L,
GR&SG-DF-wLD,1,GR,,32,,L,
GR&SG-HP-wLD,1,GR,,33,,L,
GR&SG-AT&DF-wLD,1,GR,,34,,L,
GR&SG-AT&HP-wLD,1,GR,,35,,L,
GR&SG-AT&DF&HP-wLD,1,GR,,36,,L,
GR&SG-DF&HP-wLD,1,GR,,37,,L,
Future,0,,,,,,
Future,0,,,,,,
Future,0,,,,,,
GR-AT-wAT,1,GR,,1,,A,
GR-DF-wAT,1,GR,,2,,A,
GR-HP-wAT,1,GR,,3,,A,
GR-AT&DF-wAT,1,GR,,4,,A,
GR-AT&HP-wAT,1,GR,,5,,A,
GR-AT&DF&HP-wAT,1,GR,,6,,A,
GR-DF&HP-wAT,1,GR,,7,,A,
Future,0,,,,,,
Future,0,,,,,,
Future,0,,,,,,
GR&MT-AT-wAT,1,GR,,11,,A,
GR&MT-DF-wAT,1,GR,,12,,A,
GR&MT-HP-wAT,1,GR,,13,,A,
GR&MT-AT&DF-wAT,1,GR,,14,,A,
GR&MT-AT&HP-wAT,1,GR,,15,,A,
GR&MT-AT&DF&HP-wAT,1,GR,,16,,A,
GR&MT-DF&HP-wAT,1,GR,,17,,A,
Future,0,,,,,,
Future,0,,,,,,
Future,0,,,,,,
GR&RA-AT-wAT,1,GR,,21,,A,
GR&RA-DF-wAT,1,GR,,22,,A,
GR&RA-HP-wAT,1,GR,,23,,A,
GR&RA-AT&DF-wAT,1,GR,,24,,A,
GR&RA-AT&HP-wAT,1,GR,,25,,A,
GR&RA-AT&DF&HP-wAT,1,GR,,26,,A,
GR&RA-DF&HP-wAT,1,GR,,27,,A,
Future,0,,,,,,
Future,0,,,,,,
Future,0,,,,,,
GR&SG-AT-wAT,1,GR,,31,,A,
GR&SG-DF-wAT,1,GR,,32,,A,
GR&SG-HP-wAT,1,GR,,33,,A,
GR&SG-AT&DF-wAT,1,GR,,34,,A,
GR&SG-AT&HP-wAT,1,GR,,35,,A,
GR&SG-AT&DF&HP-wAT,1,GR,,36,,A,
GR&SG-DF&HP-wAT,1,GR,,37,,A,
Future,0,,,,,,
Future,0,,,,,,
Future,0,,,,,,
GR-AT-wRN,1,GR,,1,,R,
GR-DF-wRN,1,GR,,2,,R,
GR-HP-wRN,1,GR,,3,,R,
GR-AT&DF-wRN,1,GR,,4,,R,
GR-AT&HP-wRN,1,GR,,5,,R,
GR-AT&DF&HP-wRN,1,GR,,6,,R,
GR-DF&HP-wRN,1,GR,,7,,R,
Future,0,,,,,,
Future,0,,,,,,
Future,0,,,,,,
GR&MT-AT-wRN,1,GR,,11,,R,
GR&MT-DF-wRN,1,GR,,12,,R,
GR&MT-HP-wRN,1,GR,,13,,R,
GR&MT-AT&DF-wRN,1,GR,,14,,R,
GR&MT-AT&HP-wRN,1,GR,,15,,R,
GR&MT-AT&DF&HP-wRN,1,GR,,16,,R,
GR&MT-DF&HP-wRN,1,GR,,17,,R,
Future,0,,,,,,
Future,0,,,,,,
Future,0,,,,,,
GR&RA-AT-wRN,1,GR,,21,,R,
GR&RA-DF-wRN,1,GR,,22,,R,
GR&RA-HP-wRN,1,GR,,23,,R,
GR&RA-AT&DF-wRN,1,GR,,24,,R,
GR&RA-AT&HP-wRN,1,GR,,25,,R,
GR&RA-AT&DF&HP-wRN,1,GR,,26,,R,
GR&RA-DF&HP-wRN,1,GR,,27,,R,
Future,0,,,,,,
Future,0,,,,,,
Future,0,,,,,,
GR&SG-AT-wRN,1,GR,,31,,R,
GR&SG-DF-wRN,1,GR,,32,,R,
GR&SG-HP-wRN,1,GR,,33,,R,
GR&SG-AT&DF-wRN,1,GR,,34,,R,
GR&SG-AT&HP-wRN,1,GR,,35,,R,
GR&SG-AT&DF&HP-wRN,1,GR,,36,,R,
GR&SG-DF&HP-wRN,1,GR,,37,,R,
Future,0,,,,,,
Future,0,,,,,,
Future,0,,,,,,
GR-AT-wDO,1,GR,,1,,D,
GR-DF-wDO,1,GR,,2,,D,
GR-HP-wDO,1,GR,,3,,D,
GR-AT&DF-wDO,1,GR,,4,,D,
GR-AT&HP-wDO,1,GR,,5,,D,
GR-AT&DF&HP-wDO,1,GR,,6,,D,
GR-DF&HP-wDO,1,GR,,7,,D,
Future,0,,,,,,
Future,0,,,,,,
Future,0,,,,,,
GR&MT-AT-wDO,1,GR,,11,,D,
GR&MT-DF-wDO,1,GR,,12,,D,
GR&MT-HP-wDO,1,GR,,13,,D,
GR&MT-AT&DF-wDO,1,GR,,14,,D,
GR&MT-AT&HP-wDO,1,GR,,15,,D,
GR&MT-AT&DF&HP-wDO,1,GR,,16,,D,
GR&MT-DF&HP-wDO,1,GR,,17,,D,
Future,0,,,,,,
Future,0,,,,,,
Future,0,,,,,,
GR&RA-AT-wDO,1,GR,,21,,D,
GR&RA-DF-wDO,1,GR,,22,,D,
GR&RA-HP-wDO,1,GR,,23,,D,
GR&RA-AT&DF-wDO,1,GR,,24,,D,
GR&RA-AT&HP-wDO,1,GR,,25,,D,
GR&RA-AT&DF&HP-wDO,1,GR,,26,,D,
GR&RA-DF&HP-wDO,1,GR,,27,,D,
Future,0,,,,,,
Future,0,,,,,,
Future,0,,,,,,
GR&SG-AT-wDO,1,GR,,31,,D,
GR&SG-DF-wDO,1,GR,,32,,D,
GR&SG-HP-wDO,1,GR,,33,,D,
GR&SG-AT&DF-wDO,1,GR,,34,,D,
GR&SG-AT&HP-wDO,1,GR,,35,,D,
GR&SG-AT&DF&HP-wDO,1,GR,,36,,D,
GR&SG-DF&HP-wDO,1,GR,,37,,D,
Future,0,,,,,,
Future,0,,,,,,
Future,0,,,,,,
RA-AT-wLD,1,RA,,1,,L,
RA-DF-wLD,1,RA,,2,,L,
RA-HP-wLD,1,RA,,3,,L,
RA-AT&DF-wLD,1,RA,,4,,L,
RA-AT&HP-wLD,1,RA,,5,,L,
RA-AT&DF&HP-wLD,1,RA,,6,,L,
RA-DF&HP-wLD,1,RA,,7,,L,
Future,0,,,,,,
Future,0,,,,,,
Future,0,,,,,,
RA&SG-AT-wLD,1,RA,,11,,L,
RA&SG-DF-wLD,1,RA,,12,,L,
RA&SG-HP-wLD,1,RA,,13,,L,
RA&SG-AT&DF-wLD,1,RA,,14,,L,
RA&SG-AT&HP-wLD,1,RA,,15,,L,
RA&SG-AT&DF&HP-wLD,1,RA,,16,,L,
RA&SG-DF&HP-wLD,1,RA,,17,,L,
Future,0,,,,,,
Future,0,,,,,,
Future,0,,,,,,
RA&GR-AT-wLD,1,RA,,21,,L,
RA&GR-DF-wLD,1,RA,,22,,L,
RA&GR-HP-wLD,1,RA,,23,,L,
RA&GR-AT&DF-wLD,1,RA,,24,,L,
RA&GR-AT&HP-wLD,1,RA,,25,,L,
RA&GR-AT&DF&HP-wLD,1,RA,,26,,L,
RA&GR-DF&HP-wLD,1,RA,,27,,L,
Future,0,,,,,,
Future,0,,,,,,
Future,0,,,,,,
RA&MT-AT-wLD,1,RA,,31,,L,
RA&MT-DF-wLD,1,RA,,32,,L,
RA&MT-HP-wLD,1,RA,,33,,L,
RA&MT-AT&DF-wLD,1,RA,,34,,L,
RA&MT-AT&HP-wLD,1,RA,,35,,L,
RA&MT-AT&DF&HP-wLD,1,RA,,36,,L,
RA&MT-DF&HP-wLD,1,,,,,,
Future,0,,,,,,
Future,0,,,,,,
Future,0,RA,,40,,L,
RA-AT-wAT,1,RA,,1,,A,
RA-DF-wAT,1,RA,,2,,A,
RA-HP-wAT,1,RA,,3,,A,
RA-AT&DF-wAT,1,RA,,4,,A,
RA-AT&HP-wAT,1,RA,,5,,A,
RA-AT&DF&HP-wAT,1,RA,,6,,A,
RA-DF&HP-wAT,1,RA,,7,,A,
Future,0,,,,,,
Future,0,,,,,,
Future,0,,,,,,
RA&SG-AT-wAT,1,RA,,11,,A,
RA&SG-DF-wAT,1,RA,,12,,A,
RA&SG-HP-wAT,1,RA,,13,,A,
RA&SG-AT&DF-wAT,1,RA,,14,,A,
RA&SG-AT&HP-wAT,1,RA,,15,,A,
RA&SG-AT&DF&HP-wAT,1,RA,,16,,A,
RA&SG-DF&HP-wAT,1,RA,,17,,A,
Future,0,,,,,,
Future,0,,,,,,
Future,0,,,,,,
RA&GR-AT-wAT,1,RA,,21,,A,
RA&GR-DF-wAT,1,RA,,22,,A,
RA&GR-HP-wAT,1,RA,,23,,A,
RA&GR-AT&DF-wAT,1,RA,,24,,A,
RA&GR-AT&HP-wAT,1,RA,,25,,A,
RA&GR-AT&DF&HP-wAT,1,RA,,26,,A,
RA&GR-DF&HP-wAT,1,RA,,27,,A,
Future,0,,,,,,
Future,0,,,,,,
Future,0,,,,,,
RA&MT-AT-wAT,1,RA,,31,,A,
RA&MT-DF-wAT,1,RA,,32,,A,
RA&MT-HP-wAT,1,RA,,33,,A,
RA&MT-AT&DF-wAT,1,RA,,34,,A,
RA&MT-AT&HP-wAT,1,RA,,35,,A,
RA&MT-AT&DF&HP-wAT,1,RA,,36,,A,
RA&MT-DF&HP-wAT,1,RA,,37,,A,
Future,0,,,,,,
Future,0,,,,,,
Future,0,,,,,,
RA-AT-wRN,1,RA,Reinforcing,1,Reinforcing,R,Reinforcing
RA-DF-wRN,1,RA,Reinforcing,2,Reinforcing,R,Reinforcing
RA-HP-wRN,1,RA,Reinforcing,3,Reinforcing,R,Reinforcing
RA-AT&DF-wRN,1,RA,Reinforcing,4,Reinforcing,R,Reinforcing
RA-AT&HP-wRN,1,RA,Reinforcing,5,Reinforcing,R,Reinforcing
RA-AT&DF&HP-wRN,1,RA,Reinforcing,6,Reinforcing,R,Reinforcing
RA-DF&HP-wRN,1,RA,Reinforcing,7,Reinforcing,R,Reinforcing
Future,0,,,,,,
Future,0,,,,,,
Future,0,,,,,,
RA&SG-AT-wRN,1,RA,Reinforcing,11,Reinforcing,R,Reinforcing
RA&SG-DF-wRN,1,RA,Reinforcing,12,Reinforcing,R,Reinforcing
RA&SG-HP-wRN,1,RA,Reinforcing,13,Reinforcing,R,Reinforcing
RA&SG-AT&DF-wRN,1,RA,Reinforcing,14,Reinforcing,R,Reinforcing
RA&SG-AT&HP-wRN,1,RA,Reinforcing,15,Reinforcing,R,Reinforcing
RA&SG-AT&DF&HP-wRN,1,RA,Reinforcing,16,Reinforcing,R,Reinforcing
RA&SG-DF&HP-wRN,1,RA,Reinforcing,17,Reinforcing,R,Reinforcing
Future,0,,,,,,
Future,0,,,,,,
Future,0,,,,,,
RA&GR-AT-wRN,1,RA,Reinforcing,21,Reinforcing,R,Reinforcing
RA&GR-DF-wRN,1,RA,Reinforcing,22,Reinforcing,R,Reinforcing
RA&GR-HP-wRN,1,RA,Reinforcing,23,Reinforcing,R,Reinforcing
RA&GR-AT&DF-wRN,1,RA,Reinforcing,24,Reinforcing,R,Reinforcing
RA&GR-AT&HP-wRN,1,RA,Reinforcing,25,Reinforcing,R,Reinforcing
RA&GR-AT&DF&HP-wRN,1,RA,Reinforcing,26,Reinforcing,R,Reinforcing
RA&GR-DF&HP-wRN,1,RA,Reinforcing,27,Reinforcing,R,Reinforcing
Future,0,,,,,,
Future,0,,,,,,
Future,0,,,,,,
RA&MT-AT-wRN,1,RA,Reinforcing,31,Reinforcing,R,Reinforcing
RA&MT-DF-wRN,1,RA,Reinforcing,32,Reinforcing,R,Reinforcing
RA&MT-HP-wRN,1,RA,Reinforcing,33,Reinforcing,R,Reinforcing
RA&MT-AT&DF-wRN,1,RA,Reinforcing,34,Reinforcing,R,Reinforcing
RA&MT-AT&HP-wRN,1,RA,Reinforcing,35,Reinforcing,R,Reinforcing
RA&MT-AT&DF&HP-wRN,1,RA,Reinforcing,36,Reinforcing,R,Reinforcing
RA&MT-DF&HP-wRN,1,RA,Reinforcing,37,Reinforcing,R,Reinforcing
Future,0,,,,,,
Future,0,,,,,,
Future,0,,,,,,
RA-AT-wDO,1,RA,Defending Outside City,1,Defending Outside City,D,Defending Outside City
RA-DF-wDO,1,RA,Defending Outside City,2,Defending Outside City,D,Defending Outside City
RA-HP-wDO,1,RA,Defending Outside City,3,Defending Outside City,D,Defending Outside City
RA-AT&DF-wDO,1,RA,Defending Outside City,4,Defending Outside City,D,Defending Outside City
RA-AT&HP-wDO,1,RA,Defending Outside City,5,Defending Outside City,D,Defending Outside City
RA-AT&DF&HP-wDO,1,RA,Defending Outside City,6,Defending Outside City,D,Defending Outside City
RA-DF&HP-wDO,1,RA,Defending Outside City,7,Defending Outside City,D,Defending Outside City
Future,0,,Defending Outside City,,Defending Outside City,,Defending Outside City
Future,0,,,,,,
Future,0,,,,,,
RA&SG-AT-wDO,1,RA,Defending Outside City,11,Defending Outside City,D,Defending Outside City
RA&SG-DF-wDO,1,RA,Defending Outside City,12,Defending Outside City,D,Defending Outside City
RA&SG-HP-wDO,1,RA,Defending Outside City,13,Defending Outside City,D,Defending Outside City
RA&SG-AT&DF-wDO,1,RA,Defending Outside City,14,Defending Outside City,D,Defending Outside City
RA&SG-AT&HP-wDO,1,RA,Defending Outside City,15,Defending Outside City,D,Defending Outside City
RA&SG-AT&DF&HP-wDO,1,RA,Defending Outside City,16,Defending Outside City,D,Defending Outside City
RA&SG-DF&HP-wDO,1,RA,Defending Outside City,17,Defending Outside City,D,Defending Outside City
Future,0,,,,,,
Future,0,,,,,,
Future,0,,,,,,
RA&GR-AT-wDO,1,RA,Defending Outside City,21,Defending Outside City,D,Defending Outside City
RA&GR-DF-wDO,1,RA,Defending Outside City,22,Defending Outside City,D,Defending Outside City
RA&GR-HP-wDO,1,RA,Defending Outside City,23,Defending Outside City,D,Defending Outside City
RA&GR-AT&DF-wDO,1,RA,Defending Outside City,24,Defending Outside City,D,Defending Outside City
RA&GR-AT&HP-wDO,1,RA,Defending Outside City,25,Defending Outside City,D,Defending Outside City
RA&GR-AT&DF&HP-wDO,1,RA,Defending Outside City,26,Defending Outside City,D,Defending Outside City
RA&GR-DF&HP-wDO,1,RA,Defending Outside City,27,Defending Outside City,D,Defending Outside City
Future,0,,,,,,
Future,0,,,,,,
Future,0,,,,,,
RA&MT-AT-wDO,1,RA,Defending Outside City,31,Defending Outside City,D,Defending Outside City
RA&MT-DF-wDO,1,RA,Defending Outside City,32,Defending Outside City,D,Defending Outside City
RA&MT-HP-wDO,1,RA,Defending Outside City,33,Defending Outside City,D,Defending Outside City
RA&MT-AT&DF-wDO,1,RA,Defending Outside City,34,Defending Outside City,D,Defending Outside City
RA&MT-AT&HP-wDO,1,RA,Defending Outside City,35,Defending Outside City,D,Defending Outside City
RA&MT-AT&DF&HP-wDO,1,RA,Defending Outside City,36,Defending Outside City,D,Defending Outside City
RA&MT-DF&HP-wDO,1,RA,Defending Outside City,37,Defending Outside City,D,Defending Outside City
Future,0,,,,,,
Future,0,,,,,,
Future,0,,,,,,
RA-AT-wSW,1,RA,Server War,1,Server War,S,Server War
RA-DF-wSW,1,RA,Server War,2,Server War,S,Server War
RA-HP-wSW,1,RA,Server War,3,Server War,S,Server War
RA-AT&DF-wSW,1,RA,Server War,4,Server War,S,Server War
RA-AT&HP-wSW,1,RA,Server War,5,Server War,S,Server War
RA-AT&DF&HP-wSW,1,RA,Server War,6,Server War,S,Server War
RA-DF&HP-wSW,1,RA,Server War,7,Server War,S,Server War
Future,0,,,,,,
Future,0,,,,,,
Future,0,,,,,,
RA&SG-AT-wSW,1,RA,Server War (Maarten Tromp),11,Server War (Maarten Tromp),S,Server War (Maarten Tromp)
RA&SG-DF-wSW,1,RA,Server War,12,Server War,S,Server War
RA&SG-HP-wSW,1,RA,Server War,13,Server War,S,Server War
RA&SG-AT&DF-wSW,1,RA,Server War,14,Server War,S,Server War
RA&SG-AT&HP-wSW,1,RA,Server War,15,Server War,S,Server War
RA&SG-AT&DF&HP-wSW,1,RA,Server War,16,Server War,S,Server War
RA&SG-DF&HP-wSW,1,RA,Server War,17,Server War,S,Server War
Future,0,,,,,,
Future,0,,,,,,
Future,0,,,,,,
RA&GR-AT-wSW,1,RA,Server War,21,Server War,S,Server War
RA&GR-DF-wSW,1,RA,Server War,22,Server War,S,Server War
RA&GR-HP-wSW,1,RA,Server War,23,Server War,S,Server War
RA&GR-AT&DF-wSW,1,RA,Server War,24,Server War,S,Server War
RA&GR-AT&HP-wSW,1,RA,Server War,25,Server War,S,Server War
RA&GR-AT&DF&HP-wSW,1,RA,Server War,26,Server War,S,Server War
RA&GR-DF&HP-wSW,1,RA,Server War,27,Server War,S,Server War
Future,0,,,,,,
Future,0,,,,,,
Future,0,,,,,,
RA&MT-AT-wSW,1,RA,Server War,31,Server War,S,Server War
RA&MT-DF-wSW,1,RA,Server War,32,Server War,S,Server War
RA&MT-HP-wSW,1,RA,Server War,33,Server War,S,Server War
RA&MT-AT&DF-wSW,1,RA,Server War,34,Server War,S,Server War
RA&MT-AT&HP-wSW,1,RA,Server War,35,Server War,S,Server War
RA&MT-AT&DF&HP-wSW,1,RA,Server War,36,Server War,S,Server War
RA&MT-DF&HP-wSW,1,RA,Server War,37,Server War,S,Server War
Future,0,,,,,,
Future,0,,,,,,
Future,0,,,,,,
MT-AT-wLD,1,MT,,1,,L,
MT-DF-wLD,1,MT,,2,,L,
MT-HP-wLD,1,MT,,3,,L,
MT-AT&DF-wLD,1,MT,,4,,L,
MT-AT&HP-wLD,1,MT,,5,,L,
MT-AT&DF&HP-wLD,1,MT,,6,,L,
MT-DF&HP-wLD,1,MT,,7,,L,
Future,0,,,,,,
Future,0,,,,,,
Future,0,,,,,,
MT&GR-AT-wLD,1,MT,,11,,L,
MT&GR-DF-wLD,1,MT,,12,,L,
MT&GR-HP-wLD,1,MT,,13,,L,
MT&GR-AT&DF-wLD,1,MT,,14,,L,
MT&GR-AT&HP-wLD,1,MT,,15,,L,
MT&GR-AT&DF&HP-wLD,1,MT,,16,,L,
MT&GR-DF&HP-wLD,1,,,,,,
Future,0,,,,,,
Future,0,,,,,,
Future,0,MT,,20,,L,
MT&RA-AT-wLD,1,MT,,21,,L,
MT&RA-DF-wLD,1,MT,,22,,L,
MT&RA-HP-wLD,1,MT,,23,,L,
MT&RA-AT&DF-wLD,1,MT,,24,,L,
MT&RA-AT&HP-wLD,1,MT,,25,,L,
MT&RA-AT&DF&HP-wLD,1,MT,,26,,L,
MT&RA-DF&HP-wLD,1,MT,,27,,L,
Future,0,,,,,,
Future,0,,,,,,
Future,0,,,,,,
MT&SG-AT-wLD,1,MT,,31,,L,
MT&SG-DF-wLD,1,MT,,32,,L,
MT&SG-HP-wLD,1,MT,,33,,L,
MT&SG-AT&DF-wLD,1,MT,,34,,L,
MT&SG-AT&HP-wLD,1,MT,,35,,L,
MT&SG-AT&DF&HP-wLD,1,MT,,36,,L,
MT&SG-DF&HP-wLD,1,MT,,37,,L,
Future,0,,,,,,
Future,0,,,,,,
Future,0,,,,,,
MT-AT-wAT,1,MT,,1,,A,
MT-DF-wAT,1,MT,,2,,A,
MT-HP-wAT,1,MT,,3,,A,
MT-AT&DF-wAT,1,MT,,4,,A,
MT-AT&HP-wAT,1,MT,,5,,A,
MT-AT&DF&HP-wAT,1,MT,,6,,A,
MT-DF&HP-wAT,1,MT,,7,,A,
Future,0,,,,,,
Future,0,,,,,,
Future,0,,,,,,
MT&GR-AT-wAT,1,MT,,11,,A,
MT&GR-DF-wAT,1,MT,,12,,A,
MT&GR-HP-wAT,1,MT,,13,,A,
MT&GR-AT&DF-wAT,1,MT,,14,,A,
MT&GR-AT&HP-wAT,1,MT,,15,,A,
MT&GR-AT&DF&HP-wAT,1,MT,,16,,A,
MT&GR-DF&HP-wAT,1,MT,,17,,A,
Future,0,,,,,,
Future,0,,,,,,
Future,0,,,,,,
MT&RA-AT-wAT,1,MT,,21,,A,
MT&RA-DF-wAT,1,MT,,22,,A,
MT&RA-HP-wAT,1,MT,,23,,A,
MT&RA-AT&DF-wAT,1,MT,,24,,A,
MT&RA-AT&HP-wAT,1,MT,,25,,A,
MT&RA-AT&DF&HP-wAT,1,MT,,26,,A,
MT&RA-DF&HP-wAT,1,MT,,27,,A,
Future,0,,,,,,
Future,0,,,,,,
Future,0,,,,,,
MT&SG-AT-wAT,1,MT,,31,,A,
MT&SG-DF-wAT,1,MT,,32,,A,
MT&SG-HP-wAT,1,MT,,33,,A,
MT&SG-AT&DF-wAT,1,MT,,34,,A,
MT&SG-AT&HP-wAT,1,MT,,35,,A,
MT&SG-AT&DF&HP-wAT,1,MT,,36,,A,
MT&SG-DF&HP-wAT,1,MT,,37,,A,
Future,0,,,,,,
Future,0,,,,,,
Future,0,,,,,,
MT-AT-wRN,1,MT,,1,,R,
MT-DF-wRN,1,MT,,2,,R,
MT-HP-wRN,1,MT,,3,,R,
MT-AT&DF-wRN,1,MT,,4,,R,
MT-AT&HP-wRN,1,MT,,5,,R,
MT-AT&DF&HP-wRN,1,MT,,6,,R,
MT-DF&HP-wRN,1,MT,,7,,R,
Future,0,,,,,,
Future,0,,,,,,
Future,0,,,,,,
MT&GR-AT-wRN,1,MT,,11,,R,
MT&GR-DF-wRN,1,MT,,12,,R,
MT&GR-HP-wRN,1,MT,,13,,R,
MT&GR-AT&DF-wRN,1,MT,,14,,R,
MT&GR-AT&HP-wRN,1,MT,,15,,R,
MT&GR-AT&DF&HP-wRN,1,MT,,16,,R,
MT&GR-DF&HP-wRN,1,MT,,17,,R,
Future,0,,,,,,
Future,0,,,,,,
Future,0,,,,,,
MT&RA-AT-wRN,1,MT,,21,,R,
MT&RA-DF-wRN,1,MT,,22,,R,
MT&RA-HP-wRN,1,MT,,23,,R,
MT&RA-AT&DF-wRN,1,MT,,24,,R,
MT&RA-AT&HP-wRN,1,MT,,25,,R,
MT&RA-AT&DF&HP-wRN,1,MT,,26,,R,
MT&RA-DF&HP-wRN,1,MT,,27,,R,
Future,0,,,,,,
Future,0,,,,,,
Future,0,,,,,,
MT&SG-AT-wRN,1,MT,,31,,R,
MT&SG-DF-wRN,1,MT,,32,,R,
MT&SG-HP-wRN,1,MT,,33,,R,
MT&SG-AT&DF-wRN,1,MT,,34,,R,
MT&SG-AT&HP-wRN,1,MT,,35,,R,
MT&SG-AT&DF&HP-wRN,1,MT,,36,,R,
MT&SG-DF&HP-wRN,1,MT,,37,,R,
Future,0,,,,,,
Future,0,,,,,,
Future,0,,,,,,
MT-AT-wDO,1,MT,,1,,D,
MT-DF-wDO,1,MT,,2,,D,
MT-HP-wDO,1,MT,,3,,D,
MT-AT&DF-wDO,1,MT,,4,,D,
MT-AT&HP-wDO,1,MT,,5,,D,
MT-AT&DF&HP-wDO,1,MT,,6,,D,
MT-DF&HP-wDO,1,MT,,7,,D,
Future,0,,,,,,
Future,0,,,,,,
Future,0,,,,,,
MT&GR-AT-wDO,1,MT,,11,,D,
MT&GR-DF-wDO,1,MT,,12,,D,
MT&GR-HP-wDO,1,MT,,13,,D,
MT&GR-AT&DF-wDO,1,MT,,14,,D,
MT&GR-AT&HP-wDO,1,MT,,15,,D,
MT&GR-AT&DF&HP-wDO,1,MT,,16,,D,
MT&GR-DF&HP-wDO,1,MT,,17,,D,
Future,0,,,,,,
Future,0,,,,,,
Future,0,,,,,,
MT&RA-AT-wDO,1,MT,,21,,D,
MT&RA-DF-wDO,1,MT,,22,,D,
MT&RA-HP-wDO,1,MT,,23,,D,
MT&RA-AT&DF-wDO,1,MT,,24,,D,
MT&RA-AT&HP-wDO,1,MT,,25,,D,
MT&RA-AT&DF&HP-wDO,1,MT,,26,,D,
MT&RA-DF&HP-wDO,1,MT,,27,,D,
Future,0,,,,,,
Future,0,,,,,,
Future,0,,,,,,
MT&SG-AT-wDO,1,MT,,31,,D,
MT&SG-DF-wDO,1,MT,,32,,D,
MT&SG-HP-wDO,1,MT,,33,,D,
MT&SG-AT&DF-wDO,1,MT,,34,,D,
MT&SG-AT&HP-wDO,1,MT,,35,,D,
MT&SG-AT&DF&HP-wDO,1,MT,,36,,D,
MT&SG-DF&HP-wDO,1,MT,,37,,D,
Future,0,,,,,,
Future,0,,,,,,
Future,0,,,,,,
MT-AT-wMA,1,MT,,1,,M,
MT-DF-wMA,1,MT,,2,,M,
MT-HP-wMA,1,MT,,3,,M,
MT-AT&DF-wMA,1,MT,,4,,M,
MT-AT&HP-wMA,1,MT,,5,,M,
MT-AT&DF&HP-wMA,1,MT,,6,,M,
MT-DF&HP-wMA,1,MT,,7,,M,
Future,0,,,,,,
Future,0,,,,,,
Future,0,,,,,,
MT&GR-AT-wMA,1,MT,,11,,M,
MT&GR-DF-wMA,1,MT,,12,,M,
MT&GR-HP-wMA,1,MT,,13,,M,
MT&GR-AT&DF-wMA,1,MT,,14,,M,
MT&GR-AT&HP-wMA,1,MT,,15,,M,
MT&GR-AT&DF&HP-wMA,1,MT,,16,,M,
MT&GR-DF&HP-wMA,1,MT,,17,,M,
Future,0,,,,,,
Future,0,,,,,,
Future,0,,,,,,
MT&RA-AT-wMA,1,MT,,21,,M,
MT&RA-DF-wMA,1,MT,,22,,M,
MT&RA-HP-wMA,1,MT,,23,,M,
MT&RA-AT&DF-wMA,1,MT,,24,,M,
MT&RA-AT&HP-wMA,1,MT,,25,,M,
MT&RA-AT&DF&HP-wMA,1,MT,,26,,M,
MT&RA-DF&HP-wMA,1,MT,,27,,M,
Future,0,,,,,,
Future,0,,,,,,
Future,0,,,,,,
MT&SG-AT-wMA,1,MT,,31,,M,
MT&SG-DF-wMA,1,MT,,32,,M,
MT&SG-HP-wMA,1,MT,,33,,M,
MT&SG-AT&DF-wMA,1,MT,,34,,M,
MT&SG-AT&HP-wMA,1,MT,,35,,M,
MT&SG-AT&DF&HP-wMA,1,MT,,36,,M,
MT&SG-DF&HP-wMA,1,MT,,37,,M,
Future,0,,,,,,
Future,0,,,,,,
Future,0,,,,,,
SG-AT-wLD,1,SG,,1,,L,
SG-DF-wLD,1,SG,,2,,L,
SG-HP-wLD,1,SG,,3,,L,
SG-AT&DF-wLD,1,SG,,4,,L,
SG-AT&HP-wLD,1,SG,,5,,L,
SG-AT&DF&HP-wLD,1,SG,,6,,L,
SG-DF&HP-wLD,1,,,,,,
Future,0,,,,,,
Future,0,,,,,,
Future,0,SG,,10,,L,
SG&RA-AT-wLD,1,SG,,11,,L,
SG&RA-DF-wLD,1,SG,,12,,L,
SG&RA-HP-wLD,1,SG,,13,,L,
SG&RA-AT&DF-wLD,1,SG,,14,,L,
SG&RA-AT&HP-wLD,1,SG,,15,,L,
SG&RA-AT&DF&HP-wLD,1,SG,,16,,L,
SG&RA-DF&HP-wLD,1,SG,,17,,L,
Future,0,,,,,,
Future,0,,,,,,
Future,0,,,,,,
SG&GR-AT-wLD,1,SG,,21,,L,
SG&GR-DF-wLD,1,SG,,22,,L,
SG&GR-HP-wLD,1,SG,,23,,L,
SG&GR-AT&DF-wLD,1,SG,,24,,L,
SG&GR-AT&HP-wLD,1,SG,,25,,L,
SG&GR-AT&DF&HP-wLD,1,SG,,26,,L,
SG&GR-DF&HP-wLD,1,SG,,27,,L,
Future,0,,,,,,
Future,0,,,,,,
Future,0,,,,,,
SG&MT-AT-wLD,1,SG,,31,,L,
SG&MT-DF-wLD,1,SG,,32,,L,
SG&MT-HP-wLD,1,SG,,33,,L,
SG&MT-AT&DF-wLD,1,SG,,34,,L,
SG&MT-AT&HP-wLD,1,SG,,35,,L,
SG&MT-AT&DF&HP-wLD,1,SG,,36,,L,
SG&MT-DF&HP-wLD,1,SG,,37,,L,
Future,0,,,,,,
Future,0,,,,,,
Future,0,,,,,,
SG-AT-wAT,1,SG,,1,,A,
SG-DF-wAT,1,SG,,2,,A,
SG-HP-wAT,1,SG,,3,,A,
SG-AT&DF-wAT,1,SG,,4,,A,
SG-AT&HP-wAT,1,SG,,5,,A,
SG-AT&DF&HP-wAT,1,SG,,6,,A,
SG-DF&HP-wAT,1,SG,,7,,A,
Future,0,,,,,,
Future,0,,,,,,
Future,0,,,,,,
SG&RA-AT-wAT,1,SG,,11,,A,
SG&RA-DF-wAT,1,SG,,12,,A,
SG&RA-HP-wAT,1,SG,,13,,A,
SG&RA-AT&DF-wAT,1,SG,,14,,A,
SG&RA-AT&HP-wAT,1,SG,,15,,A,
SG&RA-AT&DF&HP-wAT,1,SG,,16,,A,
SG&RA-DF&HP-wAT,1,SG,,17,,A,
Future,0,,,,,,
Future,0,,,,,,
Future,0,,,,,,
SG&GR-AT-wAT,1,SG,,21,,A,
SG&GR-DF-wAT,1,SG,,22,,A,
SG&GR-HP-wAT,1,SG,,23,,A,
SG&GR-AT&DF-wAT,1,SG,,24,,A,
SG&GR-AT&HP-wAT,1,SG,,25,,A,
SG&GR-AT&DF&HP-wAT,1,SG,,26,,A,
SG&GR-DF&HP-wAT,1,SG,,27,,A,
Future,0,,,,,,
Future,0,,,,,,
Future,0,,,,,,
SG&MT-AT-wAT,1,SG,,31,,A,
SG&MT-DF-wAT,1,SG,,32,,A,
SG&MT-HP-wAT,1,SG,,33,,A,
SG&MT-AT&DF-wAT,1,SG,,34,,A,
SG&MT-AT&HP-wAT,1,SG,,35,,A,
SG&MT-AT&DF&HP-wAT,1,SG,,36,,A,
SG&MT-DF&HP-wAT,1,SG,,37,,A,
Future,0,,,,,,
Future,0,,,,,,
Future,0,,,,,,
SG-AT-wRN,1,SG,,1,,R,
SG-DF-wRN,1,SG,,2,,R,
SG-HP-wRN,1,SG,,3,,R,
SG-AT&DF-wRN,1,SG,,4,,R,
SG-AT&HP-wRN,1,SG,,5,,R,
SG-AT&DF&HP-wRN,1,SG,,6,,R,
SG-DF&HP-wRN,1,SG,,7,,R,
Future,0,,,,,,
Future,0,,,,,,
Future,0,,,,,,
SG&RA-AT-wRN,1,SG,,11,,R,
SG&RA-DF-wRN,1,SG,,12,,R,
SG&RA-HP-wRN,1,SG,,13,,R,
SG&RA-AT&DF-wRN,1,SG,,14,,R,
SG&RA-AT&HP-wRN,1,SG,,15,,R,
SG&RA-AT&DF&HP-wRN,1,SG,,16,,R,
SG&RA-DF&HP-wRN,1,SG,,17,,R,
Future,0,,,,,,
Future,0,,,,,,
Future,0,,,,,,
SG&GR-AT-wRN,1,SG,,21,,R,
SG&GR-DF-wRN,1,SG,,22,,R,
SG&GR-HP-wRN,1,SG,,23,,R,
SG&GR-AT&DF-wRN,1,SG,,24,,R,
SG&GR-AT&HP-wRN,1,SG,,25,,R,
SG&GR-AT&DF&HP-wRN,1,SG,,26,,R,
SG&GR-DF&HP-wRN,1,SG,,27,,R,
Future,0,,,,,,
Future,0,,,,,,
Future,0,,,,,,
SG&MT-AT-wRN,1,SG,,31,,R,
SG&MT-DF-wRN,1,SG,,32,,R,
SG&MT-HP-wRN,1,SG,,33,,R,
SG&MT-AT&DF-wRN,1,SG,,34,,R,
SG&MT-AT&HP-wRN,1,SG,,35,,R,
SG&MT-AT&DF&HP-wRN,1,SG,,36,,R,
SG&MT-DF&HP-wRN,1,SG,,37,,R,
Future,0,,,,,,
Future,0,,,,,,
Future,0,,,,,,
SG-AT-wDO,1,SG,,1,,D,
SG-DF-wDO,1,SG,,2,,D,
SG-HP-wDO,1,SG,,3,,D,
SG-AT&DF-wDO,1,SG,,4,,D,
SG-AT&HP-wDO,1,SG,,5,,D,
SG-AT&DF&HP-wDO,1,SG,,6,,D,
SG-DF&HP-wDO,1,SG,,7,,D,
Future,0,,,,,,
Future,0,,,,,,
Future,0,,,,,,
SG&RA-AT-wDO,1,SG,,11,,D,
SG&RA-DF-wDO,1,SG,,12,,D,
SG&RA-HP-wDO,1,SG,,13,,D,
SG&RA-AT&DF-wDO,1,SG,,14,,D,
SG&RA-AT&HP-wDO,1,SG,,15,,D,
SG&RA-AT&DF&HP-wDO,1,SG,,16,,D,
SG&RA-DF&HP-wDO,1,SG,,17,,D,
Future,0,,,,,,
Future,0,,,,,,
Future,0,,,,,,
SG&GR-AT-wDO,1,SG,,21,,D,
SG&GR-DF-wDO,1,SG,,22,,D,
SG&GR-HP-wDO,1,SG,,23,,D,
SG&GR-AT&DF-wDO,1,SG,,24,,D,
SG&GR-AT&HP-wDO,1,SG,,25,,D,
SG&GR-AT&DF&HP-wDO,1,SG,,26,,D,
SG&GR-DF&HP-wDO,1,SG,,27,,D,
Future,0,,,,,,
Future,0,,,,,,
Future,0,,,,,,
SG&MT-AT-wDO,1,SG,,31,,D,
SG&MT-DF-wDO,1,SG,,32,,D,
SG&MT-HP-wDO,1,SG,,33,,D,
SG&MT-AT&DF-wDO,1,SG,,34,,D,
SG&MT-AT&HP-wDO,1,SG,,35,,D,
SG&MT-AT&DF&HP-wDO,1,SG,,36,,D,
SG&MT-DF&HP-wDO,1,SG,,37,,D,
Future,0,,,,,,
Future,0,,,,,,
Future,0,,,,,,
