Name,No.,Type,Count,Culture,Date Added,Age (Months),Dragon or Spiritual Beast,BSC Group 1,BSC Group 2,BSC Codes,Base Skill Code 1,Base Skill Code 2,Covenant General 1,Covenant General 2,Covenant General 3,Acquisition 1,Acquisition 2,Acquisition 3,Acquisition 4,Category 1,Category 2,Category 3,Category 4,Category 5
Abd al-Rahman I,1,Epic,1,Arabia,"December, 2017",Duty Officer,Not Required,-,-,-,-,-,-,-,-,Tavern,-,-,-,9 - Duty Officer,-,-,-,-
Aethelflaed,2,Epic,1,Europe,"December, 2022",Development,Not Required,,MT1M-MT2M,MT-AT-wMA,MT-DF-wMA,-,-,-,General Token (Glory),General Token (Premium),General Token (GH2),-,5 - Monsters (Pushing),7 - Monsters (Treasure),-,-,-
Alessandra,3,Epic,1,Other,"November, 2022",Ground,Not Required,,GR5A-MS,GR-AT&HP-wAT,MS,-,-,-,Premium Special Event,General Token (GH2),-,-,6 - Ground,-,-,-,-
Alexander Nevski,4,Epic,1,Russia,"December, 2017",Subordinate City,Not Required,-,-,-,-,-,-,-,-,Tavern,-,-,-,2 - Subordinate City (PvP),-,-,-,-
Alexander the Great,5,Epic,1,Other,"August, 2021",Ground,Not Required,,GR1A-RC,GR-AT-wAT,RC,-,-,-,General Token (Premium),General Token (GH2),-,-,6 - Ground,-,-,-,-
Alfred the Great,6,Epic,1,Europe,"December, 2017",Ranged,Not Required,,RA1A-SG1A,RA-AT-wAT,SG-AT-wAT,-,-,-,Relic Rewards,General Token (Premium),-,-,3 - Ranged,10 - Siege,-,-,-
Algernon Sydney,7,Epic,1,Europe,"October, 2024",Ranged,Not Required,,RA4A-RA13A,RA-AT&DF-wAT,RA&SG-HP-wAT,William Wallace,John Churchill,Merlin,General Token (Premium),General Token (Glory),-,-,3 - Ranged,-,-,-,-
Amir Timur,8,Epic,1,Other,"December, 2017",Development,Not Required,-,-,-,-,-,-,-,-,Tavern,-,-,-,8 - Gathering,-,-,-,-
Amr ibn al-As,9,Epic,1,Arabia,"May, 2021",Subordinate City,Not Required,-,-,-,-,-,-,-,-,Premium Special Event,-,-,-,2 - Subordinate City (PvP),-,-,-,-
André Masséna,10,Epic,1,Europe,"December, 2023",Mounted,Not Required,,MT1L-MS,MT-AT-wLD,MS,Turenne,Roland,Bertrand du Guesclin,Special Event,-,-,-,4 - Mounted,5 - Monsters (Pushing),-,-,-
Andrew Jackson,11,Epic,1,America,"January, 2019",Subordinate City,Not Required,-,-,-,-,-,-,-,-,Tavern,-,-,-,2 - Subordinate City (PvP),-,-,-,-
Antara,12,Legendary,0,Arabia,"December, 2017",Ranged,Not Required,,RA1L-EM,RA-AT-wLD,EM,-,-,-,Tavern,-,-,-,3 - Ranged,-,-,-,-
Arminius,13,Epic,1,Europe,"August, 2019",Subordinate City,Not Required,-,-,-,-,-,-,-,-,Tavern,Great General's Chest,-,-,2 - Subordinate City (PvP),-,-,-,-
Artemis,14,Epic,1,Other,"February, 2025",Mounted,Not Required,,MT4A-GR13A,MT-AT&DF-wAT,GR&MT-HP-wAT,Hermes,Queen Boudica,Hestia,General Token (Premium),General Token (Glory),-,-,4 - Mounted,5 - Monsters (Pushing),-,-,-
Arthur Wellesley,15,Epic,1,Europe,"February, 2025",Ranged,Not Required,,RA11L-RA7L,RA&SG-AT-wLD,RA-DF&HP-wLD,-,-,-,General Token (GH3),-,-,-,3 - Ranged,-,-,-,-
Ashoka,16,Epic,1,Other,"September, 2021",Duty Officer,Not Required,-,-,-,-,-,-,-,-,Premium Special Event,King's Party Cake,-,-,9 - Duty Officer,-,-,-,-
Askia Muhammad I,17,Epic,1,Other,"March, 2019",Duty Officer,Not Required,-,-,-,-,-,-,-,-,Tavern,Great General's Chest,-,-,9 - Duty Officer,-,-,-,-
Attila,18,Legendary,0,Other,"December, 2017",Development,Not Required,-,-,-,-,-,-,-,-,Tavern,-,-,-,8 - Gathering,-,-,-,-
Aurelian,19,Epic,1,Europe,"March, 2023",Ground,Not Required,,GR1A-GR13A,GR-AT-wAT,GR&MT-HP-wAT,-,-,-,General Token (Glory),General Token (Premium),-,-,6 - Ground,-,-,-,-
Baibars,20,Epic,1,Arabia,"July, 2018",Development,Not Required,-,-,DD-MAM-EM,DD-wMA,EM,-,-,-,Tavern,-,-,-,7 - Monsters (Treasure),-,-,-,-
Baldwin IV,21,Epic,1,Europe,"May, 2021",Subordinate City,Not Required,-,-,-,-,-,-,-,-,General Token (Glory),General Token (Premium),General Token (GH2),-,2 - Subordinate City (PvP),-,-,-,-
Ban Chao,22,Epic,1,China,"May, 2019",Duty Officer,Not Required,-,-,-,-,-,-,-,-,Tavern,Great General's Chest,-,-,9 - Duty Officer,-,-,-,-
Barbarossa,23,Epic,1,Europe,"December, 2017",Mounted,Not Required,,MS-MT1A,MS,MT-AT-wAT,-,-,-,Tavern,Great General's Chest,-,-,4 - Mounted,5 - Monsters (Pushing),-,-,-
Basil II,24,Epic,1,Europe,"May, 2022",Mixed,Not Required,,GR11A-GR12A,GR&MT-AT-wAT,GR&MT-DF-wAT,-,-,-,General Token (Premium),General Token (GH2),-,-,6 - Ground,4 - Mounted,5 - Monsters (Pushing),-,-
Beowulf,25,Epic,1,Other,"March, 2024",Mounted,Not Required,,MT4A-GR13A,MT-AT&DF-wAT,GR&MT-HP-wAT,King Arthur,Roland,Mordred,General Token (Premium),-,-,-,4 - Mounted,5 - Monsters (Pushing),-,-,-
Bertrand du Guesclin,26,Epic,1,Europe,"March, 2022",Mounted,Not Required,,MT1A-GR12A,MT-AT-wAT,GR&MT-DF-wAT,-,-,-,General Token (Premium),General Token (GH2),-,-,4 - Mounted,5 - Monsters (Pushing),-,-,-
Blanche,27,Epic,1,Europe,"September, 2024",Duty Officer,Not Required,-,-,-,-,-,-,-,-,Premium Special Event,King's Party Cake,-,-,9 - Duty Officer,-,-,-,-
Brian Boru [D/S],28,Epic,1,Europe,"March, 2025",Ranged,Dragon/Spiritual Beast,,RA5A-RA12A,RA-AT&HP-wAT,RA&SG-DF-wAT,Queen Boudica,Henry V,Edward III,General Token (Premium),General Token (Glory),-,-,3 - Ranged,-,-,-,-
Brian Boru [ND/S],29,Epic,0,Europe,"March, 2025",Ranged,No Dragon/Spiritual Beast,,RA5A-RA12A,RA-AT&HP-wAT,RA&SG-DF-wAT,Queen Boudica,Henry V,Edward III,General Token (Premium),General Token (Glory),-,-,3 - Ranged,-,-,-,-
Caesar [D],30,Epic,1,Europe,"June, 2021",Development,Dragon,-,-,MT1M-MT11M,MT-AT-wMA,MT&GR-AT-wMA,-,-,-,Special Event,-,-,-,5 - Monsters (Pushing),7 - Monsters (Treasure),-,-,-
Caesar [ND],31,Epic,0,Europe,"June, 2021",Development,No Dragon,-,-,MT1M-MT11M,MT-AT-wMA,MT&GR-AT-wMA,-,-,-,Special Event,-,-,-,5 - Monsters (Pushing),7 - Monsters (Treasure),-,-,-
Carus,32,Epic,1,Europe,"March, 2021",Mixed,Not Required,,TR1A-GR1A,TR-AT-wAT,GR-AT-wAT,-,-,-,General Token (Premium),General Token (GH2),-,-,6 - Ground,-,-,-,-
Casimir Pulaski,33,Epic,1,America,"December, 2017",Mixed,Not Required,,TR-DtWA-EM,TR-DtW-wAT,EM,-,-,-,Tavern,-,-,-,10 - Siege,-,-,-,-
Catherine II,34,Epic,1,Russia,"December, 2017",Subordinate City,Not Required,-,-,-,-,-,-,-,-,Tavern,-,-,-,11 - Subordinate City (Pce),2 - Subordinate City (PvP),-,-,-
Charles Martel,35,Epic,1,Europe,"December, 2017",Subordinate City,Not Required,-,-,-,-,-,-,-,-,Tavern,-,-,-,11 - Subordinate City (Pce),2 - Subordinate City (PvP),-,-,-
Charles the Great,36,Epic,1,Europe,"August, 2018",Subordinate City,Not Required,-,-,-,-,-,-,-,-,Tavern,-,-,-,11 - Subordinate City (Pce),2 - Subordinate City (PvP),-,-,-
Charles V,37,Epic,1,Europe,"March, 2025",Ground,Not Required,,GR4A-GR13A,GR-AT&DF-wAT,GR&MT-HP-wAT,Isabella I,Maximilian I,Franz Joseph I,General Token (Premium),General Token (Glory),-,-,6 - Ground,-,-,-,-
Charles XII,38,Epic,1,Europe,"February, 2023",Ranged,Not Required,,RA1A-MS-RA12A,RA-AT-wAT,MS-RA&SG-DF-wAT,-,-,-,General Token (Glory),General Token (Premium),-,-,3 - Ranged,-,-,-,-
Cheng Yaojin,39,Epic,1,China,"October, 2024",Mounted,Not Required,,MT1L-GR17L,MT-AT-wLD,GR&MT-DF&HP-wLD,Li Shimin,Li Jing,Sun Ce,General Token (Premium),General Token (Glory),-,-,4 - Mounted,5 - Monsters (Pushing),-,-,-
Christina,40,Epic,1,Europe,"February, 2025",Siege,Not Required,,SG4A-SG3A,SG-AT&DF-wAT,SG-HP-wAT,Gustavus Adolphus,Margaret I,Frigg,General Token (Premium),General Token (Glory),-,-,10 - Siege,-,-,-,-
Cimon,41,Epic,1,Europe,"July, 2024",Subordinate City,Not Required,-,-,-,-,-,-,-,-,Premium Special Event,King's Party Cake,-,-,2 - Subordinate City (PvP),-,-,-,-
Cleopatra,42,Legendary,0,Other,"September, 2018",Development,Not Required,-,-,-,-,-,-,-,-,Tavern,-,-,-,7 - Monsters (Treasure),-,-,-,-
Clovis I,43,Epic,1,Europe,"December, 2023",Duty Officer,Not Required,-,-,-,-,-,-,-,-,Premium Special Event,King's Party Cake,-,-,9 - Duty Officer,-,-,-,-
Cnut the Great,44,Epic,1,Europe,"September, 2019",Subordinate City,Not Required,-,-,-,-,-,-,-,-,Premium Special Event,-,-,-,2 - Subordinate City (PvP),-,-,-,-
Constance I,45,Legendary,0,Europe,"December, 2017",Development,Not Required,-,-,-,-,-,-,-,-,Tavern,-,-,-,8 - Gathering,-,-,-,-
Constantine the Great,46,Epic,1,Europe,"May, 2020",Subordinate City,Not Required,-,-,-,-,-,-,-,-,Premium Special Event,-,-,-,2 - Subordinate City (PvP),-,-,-,-
Cyrus the Great,47,Epic,1,Other,"July, 2021",Mounted,Not Required,,RA11A-MT1A,RA&SG-AT-wAT,MT-AT-wAT,-,-,-,Tavern,-,-,-,4 - Mounted,5 - Monsters (Pushing),-,-,-
Darius I,48,Epic,1,Other,"October, 2021",Subordinate City,Not Required,-,-,-,-,-,-,-,-,Premium Special Event,-,-,-,2 - Subordinate City (PvP),-,-,-,-
David Farragut,49,Epic,1,America,"February, 2022",Subordinate City,Not Required,-,-,-,-,-,-,-,-,General Token (Premium),General Token (GH3),-,-,2 - Subordinate City (PvP),-,-,-,-
Dmitry,50,Epic,1,Russia,"December, 2017",Mixed,Not Required,,GR7R-RA1R,GR-DF&HP-wRN,RA-AT-wRN,-,-,-,Tavern,-,-,-,3 - Ranged,-,-,-,-
Douglas [D/S],51,Epic,1,Other,"April, 2023",Ranged,Dragon/Spiritual Beast,,RA1A-RA14A,RA-AT-wAT,RA&SG-AT&DF-wAT,-,-,-,General Token (Glory),General Token (Premium),-,-,3 - Ranged,-,-,-,-
Douglas [ND/S],52,Epic,0,Other,"April, 2023",Ranged,No Dragon/Spiritual Beast,,RA1A-RA14A,RA-AT-wAT,RA&SG-AT&DF-wAT,-,-,-,General Token (Glory),General Token (Premium),-,-,3 - Ranged,-,-,-,-
Edward III,53,Epic,1,Europe,"December, 2022",Ranged,Not Required,,RA11L-RA2L,RA&SG-AT-wLD,RA-DF-wLD,-,-,-,General Token (Premium),-,-,-,3 - Ranged,-,-,-,-
Edward Teach [D/S],54,Epic,1,Europe,"May, 2023",Siege,Dragon/Spiritual Beast,,SG4L-RA11L,SG-AT&DF-wLD,RA&SG-AT-wLD,-,-,-,General Token (Glory),General Token (Premium),General Token (GH3),-,10 - Siege,-,-,-,-
Edward Teach [ND/S],55,Epic,0,Europe,"May, 2023",Siege,No Dragon/Spiritual Beast,,SG4L-RA11L,SG-AT&DF-wLD,RA&SG-AT-wLD,-,-,-,General Token (Glory),General Token (Premium),General Token (GH3),-,10 - Siege,-,-,-,-
Edward the Black Prince,56,Epic,1,Europe,"December, 2017",Ranged,Not Required,,RA1L-RE-MT1L,RA-AT-wLD,RE-MT-AT-wLD,-,-,-,Tavern,-,-,-,3 - Ranged,2 - Subordinate City (PvP),-,-,-
El Cid [D],57,Epic,1,Europe,"July, 2020",Mixed,Dragon,,TR1A-GR11L,TR-AT-wAT,GR&MT-AT-wLD,-,-,-,General Token (Premium),General Token (GH2),-,-,6 - Ground,4 - Mounted,5 - Monsters (Pushing),-,-
El Cid [ND],58,Epic,0,Europe,"July, 2020",Mixed,No Dragon,,TR1A-GR11L,TR-AT-wAT,GR&MT-AT-wLD,-,-,-,General Token (Premium),General Token (GH2),-,-,6 - Ground,4 - Mounted,5 - Monsters (Pushing),-,-
Eleanor,59,Epic,1,Other,"April, 2023",Ranged,Not Required,,RA4A-MS,RA-AT&DF-wAT,MS,-,-,-,Special Event,-,-,-,3 - Ranged,-,-,-,-
Elektra [D],60,Epic,1,Other,"December, 2019",Ranged,Dragon,,RA31A-RA1L,RA&MT-AT-wAT,RA-AT-wLD,-,-,-,Relic Rewards,General Token (Glory),General Token (Premium),General Token (GH2),3 - Ranged,-,-,-,-
Elektra [ND],61,Epic,0,Other,"December, 2019",Ranged,No Dragon,,RA31A-RA1L,RA&MT-AT-wAT,RA-AT-wLD,-,-,-,Relic Rewards,General Token (Glory),General Token (Premium),General Token (GH2),3 - Ranged,-,-,-,-
Elise [D],62,Epic,1,Other,"December, 2021",Ground,Dragon,,GR1A-GR13A,GR-AT-wAT,GR&MT-HP-wAT,-,-,-,General Token (Glory),General Token (Premium),General Token (GH2),-,6 - Ground,-,-,-,-
Elise [ND],63,Epic,0,Other,"December, 2021",Ground,No Dragon,,GR1A-GR13A,GR-AT-wAT,GR&MT-HP-wAT,-,-,-,General Token (Glory),General Token (Premium),General Token (GH2),-,6 - Ground,-,-,-,-
Elizabeth I,64,Epic,1,Europe,"February, 2022",Mixed,Not Required,,RA11L-RE-RA1L,RA&SG-AT-wLD,RE-RA-AT-wLD,-,-,-,General Token (Premium),General Token (GH2),-,-,3 - Ranged,2 - Subordinate City (PvP),-,-,-
Emperor Qin Shihuang,65,Epic,1,China,"May, 2018",Siege,Not Required,,SG1L-EM,SG-AT-wLD,EM,-,-,-,Tavern,-,-,-,10 - Siege,-,-,-,-
Empress Dowager Cixi,66,Epic,1,Other,"December, 2017",Subordinate City,Not Required,-,-,-,-,-,-,-,-,Tavern,-,-,-,2 - Subordinate City (PvP),-,-,-,-
Empress Wu,67,Epic,1,China,"December, 2017",Subordinate City,Not Required,-,-,-,-,-,-,-,-,Tavern,-,-,-,11 - Subordinate City (Pce),2 - Subordinate City (PvP),-,-,-
Epaminondas,68,Epic,1,Europe,"October, 2021",Ground,Not Required,,GR1L-GR13L,GR-AT-wLD,GR&MT-HP-wLD,-,-,-,General Token (Premium),General Token (GH2),-,-,6 - Ground,-,-,-,-
Eulji Mundeok,69,Epic,1,Korea,"August, 2019",Duty Officer,Not Required,-,-,-,-,-,-,-,-,Tavern,-,-,-,9 - Duty Officer,-,-,-,-
Flavius Aetius,70,Epic,1,Europe,"January, 2019",Subordinate City,Not Required,-,-,-,-,-,-,-,-,Premium Special Event,General Token (GH2),-,-,2 - Subordinate City (PvP),-,-,-,-
Franz Joseph I,71,Epic,1,Europe,"December, 2024",Ranged,Not Required,,RA1L-RA17L,RA-AT-wLD,RA&SG-DF&HP-wLD,Arminius,Prince Eugene,Raimondo,General Token (Premium),General Token (Glory),-,-,3 - Ranged,-,-,-,-
Freyja,72,Epic,1,Other,"January, 2024",Ground,Not Required,,GR7D-GR4L,GR-DF&HP-wDO,GR-AT&DF-wLD,-,-,-,Special Event,-,-,-,6 - Ground,-,-,-,-
Frigg,73,Epic,1,Other,"May, 2024",Ground,Not Required,,GR1L-GR7L,GR-AT-wLD,GR-DF&HP-wLD,Tomyris,Theodora,Gnarr,General Token (Premium),-,-,-,6 - Ground,-,-,-,-
Gaius Marius,74,Legendary,0,Europe,"December, 2017",Development,Not Required,-,-,-,-,-,-,-,-,Tavern,-,-,-,8 - Gathering,-,-,-,-
Gaius Octavius,75,Epic,1,Europe,"August, 2021",Mounted,Not Required,,MT1A-RA1A,MT-AT-wAT,RA-AT-wAT,-,-,-,General Token (Premium),General Token (GH2),-,-,4 - Mounted,5 - Monsters (Pushing),-,-,-
Genghis Khan,76,Epic,1,Other,"June, 2018",Mixed,Not Required,,MS-EM,MS,EM,-,-,-,Tavern,-,-,-,6 - Ground,10 - Siege,4 - Mounted,5 - Monsters (Pushing),3 - Ranged
George A. Custer,77,Epic,1,America,"June, 2022",Mounted,Not Required,,MT1A-MS,MT-AT-wAT,MS,-,-,-,Relic Rewards,General Token (Premium),-,-,4 - Mounted,5 - Monsters (Pushing),-,-,-
George Dewey,78,Epic,1,America,"December, 2017",In-City Defense,Not Required,-,-,,-,-,-,Great General's Chest,General Token (Premium),-,-,1 - In-City Defense,-,-,-,-
George Monck [D/S],79,Epic,1,Europe,"November, 2024",Mounted,Dragon/Spiritual Beast,,MT1A-GR17A,MT-AT-wAT,GR&MT-DF&HP-wAT,Queen Victoria,Edward III,John Hunyadi,General Token (Premium),General Token (Glory),-,-,4 - Mounted,5 - Monsters (Pushing),-,-,-
George Monck [ND/S],80,Epic,0,Europe,"November, 2024",Mounted,No Dragon/Spiritual Beast,,MT1A-GR17A,MT-AT-wAT,GR&MT-DF&HP-wAT,Queen Victoria,Edward III,John Hunyadi,General Token (Premium),General Token (Glory),-,-,4 - Mounted,5 - Monsters (Pushing),-,-,-
Gilgamesh,81,Epic,1,Other,"February, 2023",Subordinate City,Not Required,-,-,-,-,-,-,-,-,Premium Special Event,King's Party Cake,-,-,2 - Subordinate City (PvP),-,-,-,-
Gnarr,82,Epic,1,Other,"November, 2021",Ranged,Not Required,,GR11A-RA1A,GR&MT-AT-wAT,RA-AT-wAT,-,-,-,Tavern,General Token (GH3),-,-,3 - Ranged,-,-,-,-
Godfrey of Bouillon,83,Epic,1,Europe,"March, 2024",Ranged,Not Required,,RA5L-RA12L,RA-AT&HP-wLD,RA&SG-DF-wLD,Richard the Lionheart,Baldwin IV,Philip II,General Token (Premium),-,-,-,3 - Ranged,-,-,-,-
Guan Yu,84,Epic,1,China,"January, 2022",Ground,Not Required,,GR1A-GR13A,GR-AT-wAT,GR&MT-HP-wAT,-,-,-,General Token (Premium),General Token (GH3),-,-,6 - Ground,-,-,-,-
Guinevere,85,Epic,1,Europe,"February, 2024",Duty Officer,Not Required,-,-,-,-,-,-,-,-,Premium Special Event,King's Party Cake,-,-,9 - Duty Officer,-,-,-,-
Gunther [D/S],86,Epic,1,Other,"April, 2024",Siege,Dragon/Spiritual Beast,,SG4A-RA13A,SG-AT&DF-wAT,RA&SG-HP-wAT,Melisande,Douglas [D/S],Charles the Great,General Token (Premium),-,-,-,10 - Siege,-,-,-,-
Gunther [ND/S],87,Epic,0,Other,"April, 2024",Siege,No Dragon/Spiritual Beast,,SG4A-RA13A,SG-AT&DF-wAT,RA&SG-HP-wAT,Melisande,Douglas [D/S],Charles the Great,General Token (Premium),-,-,-,10 - Siege,-,-,-,-
Gustavus Adolphus,88,Epic,1,Europe,"December, 2017",Mixed,Not Required,,RA11L-RE-RA12L,RA&SG-AT-wLD,RE-RA&SG-DF-wLD,-,-,-,Tavern,-,-,-,10 - Siege,3 - Ranged,2 - Subordinate City (PvP),1 - In-City Defense,-
Gwanggaeto the Great,89,Epic,1,Korea,"February, 2019",Mixed,Not Required,,RA11L-EM,RA&SG-AT-wLD,EM,-,-,-,Tavern,Great General's Chest,-,-,3 - Ranged,10 - Siege,-,-,-
Gwon Ryul,90,Epic,1,Korea,"August, 2019",Duty Officer,Not Required,-,-,-,-,-,-,-,-,Tavern,-,-,-,9 - Duty Officer,-,-,-,-
Haakon Haroldsson,91,Epic,1,Europe,"January, 2025",Mounted,Not Required,,MT5L-GR12L,MT-AT&HP-wLD,GR&MT-DF-wLD,Margaret I,Harold III,Ragnar,General Token (Premium),General Token (Glory),,4 - Mounted,5 - Monsters (Pushing),-,-,-
Hammurabi,92,Epic,1,Europe,"October, 2022",Duty Officer,Not Required,-,-,-,-,-,-,-,-,Premium Special Event,King's Party Cake,-,-,9 - Duty Officer,-,-,-,-
Hannibal,93,Epic,1,Other,"November, 2021",Mounted,Not Required,,GR11A-MT1A,GR&MT-AT-wAT,MT-AT-wAT,-,-,-,Tavern,-,-,-,4 - Mounted,5 - Monsters (Pushing),-,-,-
Harold,94,Epic,1,Europe,"December, 2017",Subordinate City,Not Required,-,-,-,-,-,-,-,-,Tavern,-,-,-,2 - Subordinate City (PvP),-,-,-,-
Harold III,95,Epic,1,Europe,"April, 2022",Mixed,Not Required,,RA1L-GR2L,RA-AT-wLD,GR-DF-wLD,-,-,-,General Token (Premium),General Token (GH2),-,-,3 - Ranged,-,-,-,-
Harun Al-Rashid,96,Legendary,0,Arabia,"December, 2017",Subordinate City,Not Required,-,-,-,-,-,-,-,-,Tavern,-,-,-,11 - Subordinate City (Pce),-,-,-,-
Henry V,97,Epic,1,Europe,"January, 2022",Ranged,Not Required,,RA1L-RA7L,RA-AT-wLD,RA-DF&HP-wLD,-,-,-,General Token (Premium),-,-,-,3 - Ranged,-,-,-,-
Hera,98,Epic,1,Other,"May, 2024",Duty Officer,Not Required,-,-,-,-,-,-,-,-,Premium Special Event,King's Party Cake,-,-,9 - Duty Officer,-,-,-,-
Heraclius,99,Epic,1,Europe,"June, 2023",Duty Officer,Not Required,-,-,-,-,-,-,-,-,Premium Special Event,King's Party Cake,-,-,9 - Duty Officer,-,-,-,-
Hermes,100,Epic,1,Other,"February, 2025",Mounted,Not Required,,MT5L-MS,MT-AT&HP-wLD,MS,Artemis,Scipio Africanus,Poligenus,Premium Special Event,-,-,-,4 - Mounted,5 - Monsters (Pushing),-,-,-
Hernando Cortes,101,Legendary,0,Europe,"December, 2017",Development,Not Required,-,-,-,-,-,-,-,-,Tavern,-,-,-,7 - Monsters (Treasure),-,-,-,-
Hestia [D/S],102,Epic,1,Other,"May, 2024",Mounted,Dragon/Spiritual Beast,,MT4A-GR13A,MT-AT&DF-wAT,GR&MT-HP-wAT,Flavius Aetius,Zucca,Poligenus,General Token (Premium),-,-,-,4 - Mounted,5 - Monsters (Pushing),-,-,-
Hestia [ND/S],103,Epic,0,Other,"May, 2024",Mounted,No Dragon/Spiritual Beast,,MT4A-GR13A,MT-AT&DF-wAT,GR&MT-HP-wAT,Flavius Aetius,Zucca,Poligenus,General Token (Premium),-,-,-,4 - Mounted,5 - Monsters (Pushing),-,-,-
Himiko,104,Epic,1,Japan,"August, 2019",Ranged,Not Required,,RE-MT1L-RA4L,RE-MT-AT-wLD,RA-AT&DF-wLD,-,-,-,Tavern,Great General's Chest,General Token (GH3),-,2 - Subordinate City (PvP),3 - Ranged,-,-,-
Hojo Ujiyasu,105,Epic,1,Japan,"March, 2023",Subordinate City,Not Required,-,-,-,-,-,-,-,-,General Token (Glory),General Token (Premium),General Token (GH2),-,2 - Subordinate City (PvP),-,-,-,-
Honda Tadakatsu,106,Epic,1,Japan,"December, 2017",Mounted,Not Required,,RE-GR11L-MT1L,RE-GR&MT-AT-wLD,MT-AT-wLD,-,-,-,Tavern,Great General's Chest,General Token (GH2),-,4 - Mounted,5 - Monsters (Pushing),2 - Subordinate City (PvP),-,-
Huo Qubing,107,Epic,1,China,"December, 2017",Development,Not Required,-,-,-,-,-,-,-,-,Tavern,-,-,-,7 - Monsters (Treasure),-,-,-,-
Idunn,108,Epic,1,Other,"January, 2024",Ranged,Not Required,,RA17D-RA1L,RA&SG-DF&HP-wDO,RA-AT-wLD,-,-,-,Special Event,-,-,-,3 - Ranged,-,-,-,-
Ii Naomasa,109,Epic,1,Japan,"October, 2022",Mounted,Not Required,,MT1L-MT3L,MT-AT-wLD,MT-HP-wLD,-,-,-,Relic Rewards,General Token (Premium),General Token (GH2),-,6 - Ground,-,-,-,-
Isaac Brock,110,Epic,1,Europe,"April, 2024",In-City Defense,Not Required,-,-,,Edward the Black Prince,William Marshal,John Churchill,General Token (Premium),-,-,-,1 - In-City Defense,-,-,-,-
Isabella I [D],111,Epic,1,Europe,"May, 2019",Mixed,Dragon,,SG31A-MS,SG&MT-AT-wAT,MS,-,-,-,Tavern,Great General's Chest,General Token (GH3),-,10 - Siege,4 - Mounted,7 - Monsters (Treasure),-,-
Isabella I [ND],112,Epic,0,Europe,"May, 2019",Mixed,No Dragon,,SG31A-MS,SG&MT-AT-wAT,MS,-,-,-,Tavern,Great General's Chest,General Token (GH3),-,10 - Siege,4 - Mounted,7 - Monsters (Treasure),-,-
Jadwiga,113,Epic,1,Europe,"February, 2020",In-City Defense,Not Required,-,-,,-,-,-,Tavern,General Token (GH3),-,-,1 - In-City Defense,-,-,-,-
James Bowie,114,Epic,1,America,"February, 2019",In-City Defense,Not Required,-,-,,-,-,-,Tavern,Great General's Chest,-,-,1 - In-City Defense,-,-,-,-
James Conrad,115,Epic,1,Other,"November, 2022",Ranged,Not Required,,RA1A-RA7A,RA-AT-wAT,RA-DF&HP-wAT,-,-,-,Not Available,-,-,-,3 - Ranged,-,-,-,-
Jan Karol Chodkiewicz,116,Epic,1,Europe,"April, 2023",Subordinate City,Not Required,-,-,-,-,-,-,-,-,Premium Special Event,King's Party Cake,-,-,2 - Subordinate City (PvP),-,-,-,-
Jayavarman II,117,Epic,1,Other,"February, 2024",Mounted,Not Required,,MT1A-GR17A,MT-AT-wAT,GR&MT-DF&HP-wAT,Martinus [D],Ly Thuong Kiet,Tran Hung Dao,General Token (Premium),-,-,-,4 - Mounted,5 - Monsters (Pushing),-,-,-
Jefferson,118,Legendary,0,America,"December, 2017",Subordinate City,Not Required,-,-,-,-,-,-,-,-,Tavern,-,-,-,11 - Subordinate City (Pce),-,-,-,-
Jester,119,Epic,1,Other,"June, 2018",Subordinate City,Not Required,-,-,-,-,-,-,-,-,April 1st,-,-,-,2 - Subordinate City (PvP),-,-,-,-
Jiang Ziya,120,Epic,1,China,"January, 2023",Duty Officer,Not Required,-,-,-,-,-,-,-,-,Premium Special Event,King's Party Cake,-,-,9 - Duty Officer,-,-,-,-
John Adams,121,Epic,1,America,"June, 2024",Duty Officer,Not Required,-,-,-,-,-,-,-,-,Premium Special Event,King's Party Cake,-,-,9 - Duty Officer,-,-,-,-
John Churchill,122,Epic,1,Europe,"March, 2023",Siege,Not Required,,SG1A-RC,SG-AT-wAT,RC,-,-,-,General Token (Glory),General Token (Premium),-,-,10 - Siege,-,-,-,-
John Hunyadi,123,Epic,1,Europe,"December, 2023",Siege,Not Required,,RA11A-SG7A,RA&SG-AT-wAT,SG-DF&HP-wAT,Matthias I,Jadwiga,Suleiman the Magnificent,General Token (Premium),-,-,-,10 - Siege,-,-,-,-
John I of Portugal,124,Epic,1,Europe,"September, 2019",Duty Officer,Not Required,-,-,-,-,-,-,-,-,Tavern,Great General's Chest,General Token (GH2),-,9 - Duty Officer,-,-,-,-
Jumong,125,Epic,1,Korea,"June, 2018",Ranged,Not Required,,RA1L-EM,RA-AT-wLD,EM,-,-,-,Tavern,-,-,-,3 - Ranged,-,-,-,-
Justinian I,126,Epic,1,Europe,"August, 2023",Duty Officer,Not Required,-,-,-,-,-,-,-,-,Premium Special Event,King's Party Cake,-,-,9 - Duty Officer,-,-,-,-
Khalid,127,Epic,1,Arabia,"November, 2018",Siege,Not Required,,SG1L-MT1L,SG-AT-wLD,MT-AT-wLD,-,-,-,Tavern,-,-,-,10 - Siege,4 - Mounted,5 - Monsters (Pushing),-,-
King Arthur,128,Epic,1,Europe,"May, 2018",Mounted,Not Required,,MS-MT4A,MS,MT-AT&DF-wAT,-,-,-,Tavern,-,-,-,4 - Mounted,5 - Monsters (Pushing),3 - Ranged,6 - Ground,10 - Siege
King Sejong,129,Epic,1,Korea,"December, 2017",Subordinate City,Not Required,-,-,-,-,-,-,-,-,Tavern,-,-,-,11 - Subordinate City (Pce),2 - Subordinate City (PvP),-,-,-
Kleos,130,Epic,1,Other,"August, 2023",Siege,Not Required,,SG5A-MS,SG-AT&HP-wAT,MS,-,-,-,Premium Special Event,-,-,-,10 - Siege,-,-,-,-
Kusunoki Masashige,131,Epic,1,Japan,"August, 2020",In-City Defense,Not Required,-,-,,-,-,-,Tavern,General Token (GH2),-,-,1 - In-City Defense,-,-,-,-
Laudon,132,Epic,1,Europe,"September, 2023",Mounted,Not Required,,MT1L-MT7L,MT-AT-wLD,MT-DF&HP-wLD,-,-,-,General Token (Glory),General Token (Premium),-,-,4 - Mounted,5 - Monsters (Pushing),-,-,-
Lautaro,133,Epic,1,Other,"January, 2023",In-City Defense,Not Required,-,-,,-,-,-,General Token (Premium),General Token (GH2),-,-,1 - In-City Defense,-,-,-,-
Leo III,134,Epic,1,Europe,"October, 2021",In-City Defense,Not Required,-,-,,-,-,-,General Token (Glory),General Token (Premium),General Token (GH2),-,1 - In-City Defense,-,-,-,-
Leonidas I,135,Epic,1,Europe,"June, 2021",In-City Defense,Not Required,-,-,,-,-,-,General Token (Premium),General Token (GH2),-,-,1 - In-City Defense,-,-,-,-
Li Jing,136,Epic,1,China,"September, 2018",Mounted,Not Required,,MT1L-EM,MT-AT-wLD,EM,-,-,-,Tavern,Great General's Chest,-,-,4 - Mounted,5 - Monsters (Pushing),-,-,-
Li Shimin,137,Epic,1,China,"December, 2017",Ranged,Not Required,,RA1L-MS,RA-AT-wLD,MS,-,-,-,Tavern,-,-,-,3 - Ranged,-,-,-,-
Lincoln,138,Epic,1,America,"December, 2017",Subordinate City,Not Required,-,-,-,-,-,-,-,-,Tavern,-,-,-,11 - Subordinate City (Pce),2 - Subordinate City (PvP),-,-,-
Liu Bei,139,Epic,1,China,"October, 2024",Duty Officer,Not Required,-,-,-,-,-,-,-,-,Premium Special Event,King's Party Cake,-,-,9 - Duty Officer,-,-,-,-
Louis IX,140,Epic,1,Europe,"November, 2023",Ranged,Not Required,,RA1L-RA2L,RA-AT-wLD,RA-DF-wLD,-,-,-,General Token (Premium),-,-,-,3 - Ranged,-,-,-,-
Lu Ban,141,Legendary,0,China,"December, 2017",Subordinate City,Not Required,-,-,-,-,-,-,-,-,Tavern,-,-,-,11 - Subordinate City (Pce),-,-,-,-
Lu Xun,142,Epic,1,China,"October, 2023",Ground,Not Required,,GR1A-GR17A,GR-AT-wAT,GR&MT-DF&HP-wAT,-,-,-,General Token (Premium),-,-,-,6 - Ground,-,-,-,-
Lucilla,143,Epic,1,Europe,"November, 2024",Ground,Not Required,,GR11L-GR7L,GR&MT-AT-wLD,GR-DF&HP-wLD,Narcissus,Alessandra,Aurelian,Premium Special Event,-,-,-,6 - Ground,-,-,-,-
Ludwig [D],144,Epic,1,Other,"December, 2022",Ground,Dragon,,GR1A-GR6A,GR-AT-wAT,GR-AT&DF&HP-wAT,-,-,-,General Token (Glory),General Token (Premium),General Token (GH2),-,6 - Ground,-,-,-,-
Ludwig [ND],145,Epic,0,Other,"December, 2022",Ground,No Dragon,,GR1A-GR6A,GR-AT-wAT,GR-AT&DF&HP-wAT,-,-,-,General Token (Glory),General Token (Premium),General Token (GH2),-,6 - Ground,-,-,-,-
Ly Thuong Kiet,146,Epic,1,Other,"December, 2017",In-City Defense,Not Required,-,-,,-,-,-,Tavern,-,-,-,1 - In-City Defense,-,-,-,-
Lysander,147,Epic,1,Europe,"April, 2022",Mounted,Not Required,,MT1A-RC,MT-AT-wAT,RC,-,-,-,General Token (Premium),General Token (GH2),-,-,4 - Mounted,5 - Monsters (Pushing),-,-,-
Maarten Tromp [Non-SvS],148,Epic,0,Europe,"September, 2023",Ranged,Not Required,,RA11A-RA4S,RA&SG-AT-wAT,RA-AT&DF-wSW,-,-,-,General Token (GH3),-,-,-,3 - Ranged,-,-,-,-
Maarten Tromp [SvS],149,Epic,1,Europe,"September, 2023",Ranged,Not Required,,RA11A-RA4S,RA&SG-AT-wAT,RA-AT&DF-wSW,-,-,-,General Token (GH3),-,-,-,3 - Ranged,-,-,-,-
Maeda Toshiie,150,Epic,1,Japan,"August, 2022",Ground,Not Required,,GR1A-GR13A,GR-AT-wAT,GR&MT-HP-wAT,-,-,-,General Token (Premium),General Token (GH2),-,-,6 - Ground,-,-,-,-
Mansa Musa,151,Epic,1,Other,"June, 2019",Subordinate City,Not Required,-,-,-,-,-,-,-,-,Tavern,Great General's Chest,-,-,2 - Subordinate City (PvP),-,-,-,-
Marco Polo,152,Epic,1,Europe,"August, 2024",Mounted,Not Required,,MT1A-MT7A,MT-AT-wAT,MT-DF&HP-wAT,Genghis Khan,Basil II,Subutai,General Token (Premium),General Token (Glory),-,-,4 - Mounted,5 - Monsters (Pushing),-,-,-
Marcus Agrippa,153,Epic,1,Europe,"December, 2023",Ranged,Not Required,,RA1A-RA17A,RA-AT-wAT,RA&SG-DF&HP-wAT,Caesar [D],Gaius Octavius,Mark Antony,General Token (Premium),-,-,-,3 - Ranged,-,-,-,-
Margaret I,154,Epic,1,Europe,"May, 2020",Subordinate City,Not Required,-,-,-,-,-,-,-,-,Tavern,Great General's Chest,General Token (GH2),-,2 - Subordinate City (PvP),-,-,-,-
Maria Theresa,155,Epic,1,Europe,"October, 2023",Development,Not Required,-,-,MT6M-RS-MAM,MT-AT&DF&HP-wMA,RS-wMA,-,-,-,Special Event,-,-,-,5 - Monsters (Pushing),7 - Monsters (Treasure),-,-,-
Mark Antony,156,Epic,1,Europe,"September, 2022",Subordinate City,Not Required,-,-,-,-,-,-,-,-,General Token (Premium),General Token (GH2),-,-,2 - Subordinate City (PvP),-,-,-,-
Martinus [D],157,Epic,1,Europe,"December, 2017",Mounted,Dragon,,MT1L-MT1L,MT-AT-wLD,MT-AT-wLD,-,-,-,Tavern,Great General's Chest,-,-,4 - Mounted,5 - Monsters (Pushing),-,-,-
Martinus [ND],158,Epic,0,Europe,"December, 2017",Mounted,No Dragon,,MT1L-MT1L,MT-AT-wLD,MT-AT-wLD,-,-,-,Tavern,Great General's Chest,-,-,4 - Mounted,5 - Monsters (Pushing),-,-,-
Mason Weaver [D/S],159,Epic,1,Other,"December, 2022",Ranged,Dragon/Spiritual Beast,,RA11L-RA17L,RA&SG-AT-wLD,RA&SG-DF&HP-wLD,-,-,-,Not Available,-,-,-,3 - Ranged,-,-,-,-
Mason Weaver [ND/S],160,Epic,0,Other,"December, 2022",Ranged,No Dragon/Spiritual Beast,,RA11L-RA17L,RA&SG-AT-wLD,RA&SG-DF&HP-wLD,-,-,-,Not Available,-,-,-,3 - Ranged,-,-,-,-
Matthias I,161,Epic,1,Europe,"October, 2020",Mixed,Not Required,,RA11A-MS,RA&SG-AT-wAT,MS,-,-,-,Tavern,-,-,-,10 - Siege,3 - Ranged,-,-,-
Maurice de Saxe,162,Epic,1,Europe,"September, 2024",Siege,Not Required,,SG1L-SG7L,SG-AT-wLD,SG-DF&HP-wLD,Charles the Great,Henry V,Prince Eugene,General Token (Premium),General Token (Glory),-,-,10 - Siege,-,-,-,-
Maurice of Nassau,163,Epic,1,Europe,"June, 2022",Duty Officer,Not Required,-,-,-,-,-,-,-,-,Premium Special Event,King's Party Cake,-,-,9 - Duty Officer,-,-,-,-
Maximilian I,164,Epic,1,Europe,"December, 2021",Mounted,Not Required,,MT4A-RE-RA1A,MT-AT&DF-wAT,RE-RA-AT-wAT,-,-,-,General Token (Premium),General Token (GH2),-,-,4 - Mounted,5 - Monsters (Pushing),2 - Subordinate City (PvP),-,-
Mehmed II,165,Epic,1,Other,"April, 2019",Ranged,Not Required,,RA1A-RE-MT12A,RA-AT-wAT,RE-MT&GR-DF-wAT,-,-,-,King's Path,-,-,-,3 - Ranged,2 - Subordinate City (PvP),-,-,-
Melisande,166,Epic,1,Other,"April, 2024",Siege,Not Required,,SG6L-MS,SG-AT&DF&HP-wLD,MS,Gunther [D/S],Eleanor,Catherine II,Special Event,-,-,-,10 - Siege,-,-,-,-
Menshikov,167,Epic,1,Russia,"December, 2017",Duty Officer,Not Required,-,-,-,-,-,-,-,-,Tavern,-,-,-,9 - Duty Officer,-,-,-,-
Merlin,168,Epic,1,Europe,"May, 2024",Ranged,Not Required,,RA5A-RA12A,RA-AT&HP-wAT,RA&SG-DF-wAT,King Arthur,Alfred the Great,Beowulf,General Token (Premium),General Token (Glory),-,-,3 - Ranged,-,-,-,-
Michael VIII,169,Epic,1,Europe,"November, 2023",Duty Officer,Not Required,-,-,-,-,-,-,-,-,Premium Special Event,King's Party Cake,-,-,9 - Duty Officer,-,-,-,-
Mihai,170,Epic,1,Europe,"September, 2023",Ranged,Not Required,,RA1A-RA12A,RA-AT-wAT,RA&SG-DF-wAT,-,-,-,General Token (Glory),General Token (Premium),-,-,3 - Ranged,-,-,-,-
Mikhail Kutuzov,171,Epic,1,Russia,"August, 2022",Duty Officer,Not Required,-,-,-,-,-,-,-,-,Premium Special Event,King's Party Cake,-,-,9 - Duty Officer,-,-,-,-
Miltiades,172,Epic,1,Europe,"August, 2024",Ground,Not Required,,GR5L-GR12L,GR-AT&HP-wLD,GR&MT-DF-wLD,Leonidas I,Carus,Alexander the Great,General Token (Premium),General Token (Glory),-,-,6 - Ground,-,-,-,-
Minamoto no Yoshitsune [D],173,Epic,1,Japan,"December, 2017",Ranged,Dragon,,RA1L-RA1L,RA-AT-wLD,RA-AT-wLD,-,-,-,Tavern,Great General's Chest,-,-,3 - Ranged,-,-,-,-
Minamoto no Yoshitsune [ND],174,Epic,0,Japan,"December, 2017",Ranged,No Dragon,,RA1L-RA1L,RA-AT-wLD,RA-AT-wLD,-,-,-,Tavern,Great General's Chest,-,-,3 - Ranged,-,-,-,-
Miyamoto Musashi,175,Legendary,0,Japan,"December, 2017",Ground,Not Required,,GR2L-EM,GR-DF-wLD,EM,-,-,-,Tavern,-,-,-,6 - Ground,-,-,-,-
Mordred,176,Epic,1,Europe,"November, 2022",Mounted,Not Required,,MT1A-GR12A,MT-AT-wAT,GR&MT-DF-wAT,-,-,-,General Token (Glory),General Token (Premium),-,-,4 - Mounted,5 - Monsters (Pushing),-,-,-
Mu Guiying,177,Epic,1,China,"February, 2024",Siege,Not Required,,SG1L-SG7L,SG-AT-wLD,SG-DF&HP-wLD,Elektra [D],Yue Fei,Guan Yu,General Token (Premium),-,-,-,10 - Siege,-,-,-,-
Napoleon,178,Epic,1,Europe,"October, 2019",Mixed,Not Required,,TR1A-SG1A,TR-AT-wAT,SG-AT-wAT,-,-,-,General Token (Premium),-,-,-,10 - Siege,-,-,-,-
Napoleon (Prime) [D/S],179,Epic,1,Europe,"December, 2023",Mounted,Dragon/Spiritual Beast,,MT1A-MT7A,MT-AT-wAT,MT-DF&HP-wAT,Napoleon,André Masséna,Soult,Not Available,-,-,-,4 - Mounted,5 - Monsters (Pushing),-,-,-
Napoleon (Prime) [ND/S],180,Epic,0,Europe,"December, 2023",Mounted,No Dragon/Spiritual Beast,,MT1A-MT7A,MT-AT-wAT,MT-DF&HP-wAT,Napoleon,André Masséna,Soult,Not Available,-,-,-,4 - Mounted,5 - Monsters (Pushing),-,-,-
Narcissus,181,Epic,1,Europe,"November, 2024",Ground,Not Required,,GR5A-GR12A,GR-AT&HP-wAT,GR&MT-DF-wAT,Lucilla,Ludwig,Martinus,General Token (Premium),General Token (Glory),-,-,6 - Ground,-,-,-,-
Narses,182,Epic,1,Europe,"July, 2023",Subordinate City,Not Required,-,-,-,-,-,-,-,-,Premium Special Event,King's Party Cake,-,-,2 - Subordinate City (PvP),-,-,-,-
Nathanael Greene,183,Epic,1,America,"December, 2017",Development,Not Required,-,-,-,-,-,-,-,-,Tavern,-,-,-,7 - Monsters (Treasure),-,-,-,-
Nero,184,Epic,1,Europe,"June, 2018",Subordinate City,Not Required,-,-,-,-,-,-,-,-,Tavern,-,-,-,2 - Subordinate City (PvP),-,-,-,-
Niwa Nagahide,185,Epic,1,Japan,"December, 2024",Duty Officer,Not Required,-,-,-,-,-,-,-,-,Premium Special Event,King's Party Cake,-,-,9 - Duty Officer,-,-,-,-
Nordic Barbarian King,186,Epic,1,Other,"December, 2021",Subordinate City,Not Required,-,-,-,-,-,-,-,-,Premium Special Event,General Token (GH2),-,-,2 - Subordinate City (PvP),-,-,-,-
Oda Nobunaga,187,Epic,1,Japan,"December, 2017",Ground,Not Required,,GR1L-EM,GR-AT-wLD,EM,-,-,-,Tavern,General Token (GH3),-,-,6 - Ground,-,-,-,-
Oda Oichi,188,Epic,1,Japan,"May, 2022",In-City Defense,Not Required,-,-,,-,-,-,General Token (Premium),General Token (GH2),-,-,1 - In-City Defense,-,-,-,-
Oleg of Novgorod,189,Epic,1,Russia,"March, 2019",Duty Officer,Not Required,-,-,-,-,-,-,-,-,Tavern,Great General's Chest,-,-,9 - Duty Officer,-,-,-,-
Ono no Imoko,190,Epic,1,Japan,"March, 2024",Duty Officer,Not Required,-,-,-,-,-,-,-,-,Premium Special Event,King's Party Cake,-,-,9 - Duty Officer,-,-,-,-
Otto the Great,191,Epic,1,Europe,"March, 2022",Duty Officer,Not Required,-,-,-,-,-,-,-,-,Premium Special Event,King's Party Cake,,9 - Duty Officer,-,-,-,-
Pachacuti,192,Epic,1,Other,"January, 2024",Subordinate City,Not Required,-,-,-,-,-,-,-,-,Premium Special Event,-,-,-,2 - Subordinate City (PvP),-,-,-,-
Pallas [D/S],193,Epic,1,Other,"August, 2023",Siege,Dragon/Spiritual Beast,,SG4A-RA15A,SG-AT&DF-wAT,RA&SG-AT&HP-wAT,-,-,-,General Token (Glory),General Token (Premium),-,-,10 - Siege,-,-,-,-
Pallas [ND/S],194,Epic,0,Other,"August, 2023",Siege,No Dragon/Spiritual Beast,,SG4A-RA15A,SG-AT&DF-wAT,RA&SG-AT&HP-wAT,-,-,-,General Token (Glory),General Token (Premium),-,-,10 - Siege,-,-,-,-
Pericles,195,Epic,1,Europe,"March, 2023",Duty Officer,Not Required,-,-,-,-,-,-,-,-,Premium Special Event,King's Party Cake,-,-,9 - Duty Officer,-,-,-,-
Peter the Great,196,Epic,1,Russia,"December, 2017",Ground,Not Required,,GR3L-EM,GR-HP-wLD,EM,-,-,-,Tavern,General Token (GH3),-,-,6 - Ground,-,-,-,-
Petronas,197,Epic,1,Europe,"August, 2022",Siege,Not Required,,SG1A-RA12A,SG-AT-wAT,RA&SG-DF-wAT,-,-,-,General Token (Glory),General Token (Premium),General Token (GH2),-,10 - Siege,-,-,-,-
Philip II,198,Epic,1,Europe,"March, 2022",Siege,Not Required,,SG1A-RC,SG-AT-wAT,RC,-,-,-,General Token (Premium),General Token (GH2),-,-,10 - Siege,-,-,-,-
Poligenus,199,Epic,1,Other,"June, 2023",Mounted,Not Required,,GR11A-MT7A,GR&MT-AT-wAT,MT-DF&HP-wAT,-,-,-,General Token (Glory),General Token (Premium),-,-,4 - Mounted,5 - Monsters (Pushing),-,-,-
Pompey,200,Epic,1,Other,"December, 2017",Subordinate City,Not Required,-,-,-,-,-,-,-,-,Tavern,-,-,-,11 - Subordinate City (Pce),2 - Subordinate City (PvP),-,-,-
Prince Eugene,201,Epic,1,Europe,"June, 2022",Mounted,Not Required,,MT1L-MT7L,MT-AT-wLD,MT-DF&HP-wLD,-,-,-,General Token (Premium),General Token (GH2),-,-,4 - Mounted,5 - Monsters (Pushing),-,-,-
Prince Rhaeger,202,Epic,1,Other,"December, 2017",Mixed,Not Required,,TR1A-EM,TR-AT-wAT,EM,-,-,-,Tavern,Great General's Chest,-,-,4 - Mounted,5 - Monsters (Pushing),6 - Ground,10 - Siege,3 - Ranged
Princess Kaguya,203,Epic,1,Japan,"June, 2022",Ranged,Not Required,,RA1A-RA13A,RA-AT-wAT,RA&SG-HP-wAT,-,-,-,Special Event,General Token (GH2),-,-,3 - Ranged,-,-,-,-
Princess Lucy,204,Legendary,0,Other,"December, 2017",Development,Not Required,-,-,-,-,-,-,-,-,Wheel of Fortune,-,-,-,8 - Gathering,-,-,-,-
Pyrrhus,205,Epic,1,Europe,"September, 2023",Ground,Not Required,,GR4L-GR13L,GR-AT&DF-wLD,GR&MT-HP-wLD,-,-,-,General Token (Glory),General Token (Premium),-,-,6 - Ground,-,-,-,-
Qin Qiong,206,Epic,1,China,"February, 2025",Ground,Not Required,,GR4L-GR13L,GR-AT&DF-wLD,GR&MT-HP-wLD,-,-,-,General Token (GH3),-,-,-,6 - Ground,-,-,-,-
Queen Anne,207,Epic,1,Europe,"November, 2024",Duty Officer,Not Required,-,-,-,-,-,-,-,-,Premium Special Event,King's Party Cake,-,-,9 - Duty Officer,-,-,-,-
Queen Boudica,208,Epic,1,Europe,"December, 2017",In-City Defense,Not Required,-,-,,-,-,-,Tavern,Great General's Chest,General Token (GH3),-,1 - In-City Defense,-,-,-,-
Queen Jindeok,209,Epic,1,Korea,"February, 2019",Development,Not Required,-,-,-,-,-,-,-,-,Tavern,-,-,-,8 - Gathering,-,-,-,-
Queen Victoria,210,Epic,1,Europe,"December, 2017",Mixed,Not Required,,TR3L-EM,TR-HP-wLD,EM,-,-,-,Tavern,-,-,-,6 - Ground,-,-,-,-
Raged King,211,Epic,1,Other,"December, 2017",Mixed,Not Required,,TR1L-EM,TR-AT-wLD,EM,-,-,-,Wheel of Fortune,General Token (GH1),-,-,10 - Siege,1 - In-City Defense,-,-,-
Ragnar [D/S],212,Epic,1,Other,"July, 2024",Ranged,Dragon/Spiritual Beast,,RA4A-RA13A,RA-AT&DF-wAT,RA&SG-HP-wAT,Sigurd,Cnut the Great,Harold,General Token (Premium),General Token (Glory),-,-,3 - Ranged,-,-,-,-
Ragnar [ND/S],213,Epic,0,Other,"July, 2024",Ranged,No Dragon/Spiritual Beast,,RA4A-RA13A,RA-AT&DF-wAT,RA&SG-HP-wAT,Sigurd,Cnut the Great,Harold,General Token (Premium),General Token (Glory),-,-,3 - Ranged,-,-,-,-
Raimondo,214,Epic,1,Europe,"October, 2023",Siege,Not Required,,SG1L-RA12L,SG-AT-wLD,RA&SG-DF-wLD,-,-,-,General Token (Premium),-,-,-,10 - Siege,-,-,-,-
Ramesses II,215,Epic,1,Other,"August, 2021",Siege,Not Required,,SG4L-GR3L,SG-AT&DF-wLD,GR-HP-wLD,-,-,-,General Token (Premium),General Token (GH3),-,-,10 - Siege,-,-,-,-
Richard the Lionheart,216,Epic,1,Europe,"May, 2018",In-City Defense,Not Required,-,-,,-,-,-,Tavern,-,-,-,1 - In-City Defense,-,-,-,-
Robert Guiscard,217,Epic,1,Europe,"June, 2020",Mounted,Not Required,,MT1L-RE-GR12L,MT-AT-wLD,RE-GR&MT-DF-wLD,-,-,-,Tavern,-,-,-,4 - Mounted,5 - Monsters (Pushing),2 - Subordinate City (PvP),-,-
Robert the Bruce,218,Epic,1,Europe,"November, 2020",Ground,Not Required,,GR11L-GR3L,GR&MT-AT-wLD,GR-HP-wLD,-,-,-,Tavern,-,-,-,6 - Ground,1 - In-City Defense,-,-,-
Roland,219,Epic,1,Europe,"April, 2020",Mounted,Not Required,,MT1A-MT7A,MT-AT-wAT,MT-DF&HP-wAT,-,-,-,Relic Rewards,Tavern,General Token (GH2),-,4 - Mounted,5 - Monsters (Pushing),-,-,-
Saladin,220,Epic,1,Arabia,"June, 2018",Mixed,Not Required,,ET-WtDL-EM,ET-WtD-wLD,EM,-,-,-,Tavern,-,-,-,3 - Ranged,-,-,-,-
Sanada Yukimura,221,Legendary,0,Japan,"December, 2017",Development,Not Required,-,-,RM2M-MT11M,RM-DF-wMA,MT&GR-AT-wMA,-,-,-,Tavern,-,-,-,7 - Monsters (Treasure),-,-,-,-
Sappho,222,Epic,1,Europe,"June, 2023",Unassigned,Not Required,-,-,-,-,-,-,-,-,Special Event,-,-,-,1 - In-City Defense,-,-,-,-
Sargon I,223,Epic,1,Other,"March, 2025",Duty Officer,Not Required,-,-,-,-,-,-,-,-,King's Party Cake,-,-,-,9 - Duty Officer,-,-,-,-
Scipio Africanus,224,Epic,1,Europe,"February, 2020",Ground,Not Required,,GR1A-GR3A,GR-AT-wAT,GR-HP-wAT,-,-,-,General Token (Premium),-,-,-,6 - Ground,-,-,-,-
Sei Shonagon [D/S],225,Epic,1,Japan,"February, 2025",Siege,Dragon/Spiritual Beast,,SG5L-RA12L,SG-AT&HP-wLD,RA&SG-DF-wLD,-,-,-,General Token (GH3),-,-,-,10 - Siege,-,-,-,-
Sei Shonagon [ND/S],226,Epic,0,Japan,"February, 2025",Siege,No Dragon/Spiritual Beast,,SG5L-RA12L,SG-AT&HP-wLD,RA&SG-DF-wLD,-,-,-,General Token (GH3),-,-,-,10 - Siege,-,-,-,-
Seleucus I,227,Epic,1,Other,"December, 2017",Development,Not Required,-,-,-,-,-,-,-,-,Tavern,-,-,-,7 - Monsters (Treasure),-,-,-,-
Septimius Severus,228,Epic,1,Europe,"October, 2022",Siege,Not Required,,SG1L-SG3L,SG-AT-wLD,SG-HP-wLD,-,-,-,General Token (Premium),General Token (GH2),-,-,10 - Siege,-,-,-,-
Shajar al-Durr,229,Epic,1,Arabia,"November, 2018",In-City Defense,Not Required,-,-,,-,-,-,Great General's Chest,General Token (Premium),-,-,1 - In-City Defense,11 - In-City Defense (Pce),-,-,-
Sherman,230,Epic,1,America,"December, 2017",Siege,Not Required,,ET-WtDA-SG1A,ET-WtD-wAT,SG-AT-wAT,-,-,-,Tavern,Great General's Chest,-,-,10 - Siege,-,-,-,-
Shimazu Yoshihiro,231,Legendary,0,Japan,"December, 2017",Development,Not Required,-,-,-,-,-,-,-,-,Tavern,-,-,-,8 - Gathering,-,-,-,-
Sigurd,232,Epic,1,Other,"July, 2024",Ranged,Not Required,,RA5L-RA12L,RA-AT&HP-wLD,RA&SG-DF-wLD,Ragnar,Nordic Barbarian King,Harold III,Premium Special Event,-,-,-,3 - Ranged,-,-,-,-
Simeon the Great [D],233,Epic,1,Europe,"December, 2020",Ranged,Dragon,,RA11A-RA1A,RA&SG-AT-wAT,RA-AT-wAT,-,-,-,General Token (Premium),General Token (GH2),-,-,3 - Ranged,-,-,-,-
Simeon the Great [ND],234,Epic,0,Europe,"December, 2020",Ranged,No Dragon,,RA11A-RA1A,RA&SG-AT-wAT,RA-AT-wAT,-,-,-,General Token (Premium),General Token (GH2),-,-,3 - Ranged,-,-,-,-
Skanderbeg,235,Epic,1,Europe,"March, 2020",Duty Officer,Not Required,-,-,-,-,-,-,-,-,Tavern,-,-,-,9 - Duty Officer,-,-,-,-
Soult,236,Epic,1,Europe,"July, 2022",Ground,Not Required,,GR1L-GR7L,GR-AT-wLD,GR-DF&HP-wLD,-,-,-,Relic Rewards,General Token (Premium),-,-,6 - Ground,-,-,-,-
Spartacus,237,Legendary,0,Other,"December, 2017",Development,Not Required,-,-,-,-,-,-,-,-,Tavern,-,-,-,7 - Monsters (Treasure),-,-,-,-
Stephen II,238,Epic,1,Other,"December, 2024",Siege,Not Required,,SG1L-SG7L,SG-AT-wLD,SG-DF&HP-wLD,Robert Guiscard,Laudon,Totila,General Token (Premium),General Token (Glory),-,-,10 - Siege,-,-,-,-
Stephen the Great,239,Epic,1,Europe,"October, 2023",Duty Officer,Not Required,-,-,-,-,-,-,-,-,Premium Special Event,King's Party Cake,-,-,9 - Duty Officer,-,-,-,-
Stilicho,240,Epic,1,Europe,"April, 2022",Duty Officer,Not Required,-,-,-,-,-,-,-,-,Premium Special Event,King's Party Cake,-,-,9 - Duty Officer,-,-,-,-
Subutai,241,Epic,1,Other,"July, 2023",Ranged,Not Required,,RA1L-RA7L,RA-AT-wLD,RA-DF&HP-wLD,-,-,-,General Token (Glory),General Token (Premium),-,-,3 - Ranged,-,-,-,-
Suchet,242,Epic,1,Europe,"January, 2024",Ground,Not Required,,GR5A-GR12A,GR-AT&HP-wAT,GR&MT-DF-wAT,Napoleon,Soult,Louis IX,General Token (Premium),-,-,-,6 - Ground,-,-,-,-
Suleiman the Magnificent,243,Epic,1,Other,"January, 2020",Mixed,Not Required,,RA11L-RE-TR2L,RA&SG-AT-wLD,RE-TR-DF-wLD,-,-,-,Tavern,General Token (GH3),-,-,10 - Siege,2 - Subordinate City (PvP),-,-,-
Sulla,244,Epic,1,Europe,"September, 2022",Duty Officer,Not Required,-,-,-,-,-,-,-,-,Premium Special Event,King's Party Cake,-,-,9 - Duty Officer,-,-,-,-
Sun Ce,245,Epic,1,China,"January, 2023",Mounted,Not Required,,GR11L-EM,GR&MT-AT-wLD,EM,-,-,-,General Token (Premium),General Token (GH2),-,-,4 - Mounted,5 - Monsters (Pushing),-,-,-
Surena [D],246,Epic,1,Other,"June, 2022",Siege,Dragon,,SG1L-SG1L,SG-AT-wLD,SG-AT-wLD,-,-,-,General Token (Premium),General Token (GH2),-,-,10 - Siege,-,-,-,-
Surena [ND],247,Epic,0,Other,"June, 2022",Siege,No Dragon,,SG1L-SG1L,SG-AT-wLD,SG-AT-wLD,-,-,-,General Token (Premium),General Token (GH2),-,-,10 - Siege,-,-,-,-
Sweyn Forkbeard,248,Epic,1,Europe,"January, 2024",Ground,Not Required,,GR5L-GR12L,GR-AT&HP-wLD,GR&MT-DF-wLD,Cnut the Great,Margaret I,Harold,General Token (Premium),-,-,-,6 - Ground,-,-,-,-
Tachibana Ginchiyo,249,Epic,1,Japan,"September, 2024",Ranged,Not Required,,RA1L-RA17L,RA-AT-wLD,RA&SG-DF&HP-wLD,Himiko,Frigg,Hestia,General Token (Premium),General Token (Glory),-,-,3 - Ranged,-,-,-,-
Takeda Shingen,250,Epic,1,Japan,"January, 2019",Mixed,Not Required,,GR11L-EM,GR&MT-AT-wLD,EM,-,-,-,Tavern,-,-,-,6 - Ground,4 - Mounted,5 - Monsters (Pushing),-,-
Takenaka Shigeharu,251,Epic,1,Japan,"June, 2023",In-City Defense,Not Required,-,-,,-,-,-,Premium Special Event,King's Party Cake,-,-,1 - In-City Defense,-,-,-,-
Themistocles,252,Epic,1,Europe,"August, 2024",Duty Officer,Not Required,-,-,-,-,-,-,-,-,Premium Special Event,King's Party Cake,-,-,9 - Duty Officer,-,-,-,-
Theobald I,253,Epic,1,Europe,"October, 2024",Siege,Not Required,,SG5A-SG2A,SG-AT&HP-wAT,SG-DF-wAT,Charles Martel,Philip II,Louis IX,General Token (Premium),General Token (Glory),-,-,10 - Siege,-,-,-,-
Theodora,254,Epic,1,Europe,"August, 2021",Development,Not Required,-,-,MT11M-DD-MAM,MT&GR-AT-wMA,DD-wMA,-,-,-,General Token (Glory),General Token (GH2),-,-,5 - Monsters (Pushing),7 - Monsters (Treasure),-,-,-
Theodosius I,255,Epic,1,Europe,"July, 2024",Siege,Not Required,,SG4A-MS,SG-AT&DF-wAT,MS,Nero,Septimius Serverus,Aurelian,General Token (Premium),General Token (Glory),-,-,10 - Siege,-,-,-,-
Thutmose III,256,Epic,1,Other,"November, 2021",Ranged,Not Required,,RA1A-GR3A,RA-AT-wAT,GR-HP-wAT,-,-,-,General Token (Premium),-,-,-,3 - Ranged,-,-,-,-
Tokugawa Ieyasu,257,Epic,1,Japan,"December, 2017",Subordinate City,Not Required,-,-,-,-,-,-,-,-,Tavern,-,-,-,11 - Subordinate City (Pce),-,-,-,-
Tomyris,258,Epic,1,Europe,"April, 2021",Ranged,Not Required,,RA1A-RC,RA-AT-wAT,RC,-,-,-,Relic Rewards,General Token (Premium),General Token (GH2),-,3 - Ranged,-,-,-,-
Totila,259,Epic,1,Europe,"June, 2024",Ground,Not Required,,GR4A-GR13A,GR-AT&DF-wAT,GR&MT-HP-wAT,Arminius,Charles XII,Pyrrhus,General Token (Premium),General Token (Glory),-,-,6 - Ground,-,-,-,-
Toyotomi Hideyori,260,Epic,1,Japan,"August, 2022",Ranged,Not Required,,RA11L-RA7L,RA&SG-AT-wLD,RA-DF&HP-wLD,-,-,-,Special Event,General Token (GH2),-,-,3 - Ranged,-,-,-,-
Toyotomi Hideyoshi,261,Epic,1,Japan,"December, 2019",Duty Officer,Not Required,-,-,-,-,-,-,-,-,Tavern,-,-,-,9 - Duty Officer,-,-,-,-
Trajan,262,Epic,1,Other,"December, 2017",Ground,Not Required,,GR4L-GR3L,GR-AT&DF-wLD,GR-HP-wLD,-,-,-,Tavern,-,-,-,6 - Ground,-,-,-,-
Tran Hung Dao,263,Epic,1,Other,"December, 2017",In-City Defense,Not Required,-,-,,-,-,-,Tavern,-,-,-,1 - In-City Defense,-,-,-,-
Trivia Hecate,264,Epic,1,Other,"September, 2023",Duty Officer,Not Required,-,-,-,-,-,-,-,-,Premium Special Event,King's Party Cake,-,-,9 - Duty Officer,-,-,-,-
Turenne,265,Epic,1,Europe,"January, 2023",Ground,Not Required,,GR1L-GR12L,GR-AT-wLD,GR&MT-DF-wLD,-,-,-,General Token (Premium),-,-,-,6 - Ground,-,-,-,-
Uesugi Kenshin,266,Legendary,0,Japan,"December, 2017",Subordinate City,Not Required,-,-,-,-,-,-,-,-,Tavern,-,-,-,11 - Subordinate City (Pce),-,-,-,-
Ulysses S. Grant [D],267,Epic,1,America,"July, 2019",Siege,Dragon,,SG31L-SG31L,SG&MT-AT-wLD,SG&MT-AT-wLD,-,-,-,Tavern,Great General's Chest,-,-,10 - Siege,4 - Mounted,5 - Monsters (Pushing),-,-
Ulysses S. Grant [ND],268,Epic,0,America,"July, 2019",Siege,No Dragon,,SG31L-SG31L,SG&MT-AT-wLD,SG&MT-AT-wLD,-,-,-,Tavern,Great General's Chest,-,-,10 - Siege,4 - Mounted,5 - Monsters (Pushing),-,-
Vlad al Ill,269,Epic,1,Other,"December, 2017",Mixed,Not Required,,ET-WtDA-TR-WtDA,ET-WtD-wAT,TR-WtD-wAT,-,-,-,Unknown,-,-,-,4 - Mounted,5 - Monsters (Pushing),-,-,-
Vladimir the Great,270,Epic,1,Russia,"December, 2017",Ranged,Not Required,,RE-TR1L-RA1L,RE-TR-AT-wLD,RA-AT-wLD,-,-,-,Tavern,-,-,-,3 - Ranged,2 - Subordinate City (PvP),-,-,-
Wallenstein,271,Epic,1,Europe,"September, 2022",Ranged,Not Required,,RA1A-RC,RA-AT-wAT,RC,-,-,-,General Token (Premium),General Token (GH2),-,-,3 - Ranged,-,-,-,-
Washington,272,Epic,1,America,"July, 2019",Mounted,Not Required,,MT1L-EM,MT-AT-wLD,EM,-,-,-,Tavern,-,-,-,4 - Mounted,5 - Monsters (Pushing),-,-,-
Washington (Prime),273,Epic,1,America,"June, 2024",Mounted,Not Required,,MT5L-MS,MT-AT&HP-wLD,MS,Washington,Casimir Pulaski,Nathanael Greene,General Token (Premium),General Token (Glory),-,-,4 - Mounted,5 - Monsters (Pushing),-,-,-
Wei Qing,274,Epic,1,China,"September, 2019",Mixed,Not Required,,RE-GR11L-MT21L,RE-GR&MT-AT-wLD,MT&RA-AT-wLD,-,-,-,Tavern,Great General's Chest,General Token (GH3),-,4 - Mounted,5 - Monsters (Pushing),3 - Ranged,2 - Subordinate City (PvP),-
William Marshal,275,Epic,1,Europe,"December, 2021",In-City Defense,Not Required,-,-,,-,-,-,General Token (Glory),General Token (Premium),General Token (GH2),-,1 - In-City Defense,-,-,-,-
William Wallace,276,Epic,1,Europe,"December, 2017",Siege,Not Required,,RE-GR2L-SG1L,RE-GR-DF-wLD,SG-AT-wLD,-,-,-,Tavern,-,-,-,10 - Siege,2 - Subordinate City (PvP),-,-,-
Winfield Scott,277,Epic,1,America,"December, 2017",Ranged,Not Required,,TR1L-RA1L,TR-AT-wLD,RA-AT-wLD,-,-,-,Tavern,-,-,-,3 - Ranged,-,-,-,-
Xiang Yu,278,Legendary,0,China,"December, 2017",Mounted,Not Required,,MT1L-EM,MT-AT-wLD,EM,-,-,-,Tavern,-,-,-,4 - Mounted,5 - Monsters (Pushing),-,-,-
Yeon Gaesomun,279,Epic,1,Korea,"August, 2022",Subordinate City,Not Required,-,-,-,-,-,-,-,-,General Token (Premium),General Token (GH2),-,-,2 - Subordinate City (PvP),-,-,-,-
Yi Sun-sin,280,Epic,1,Korea,"May, 2020",In-City Defense,Not Required,-,-,,-,-,-,General Token (Premium),General Token (GH3),-,-,1 - In-City Defense,-,-,-,-
Yodo-dono,281,Epic,1,Japan,"August, 2022",In-City Defense,Not Required,-,-,,-,-,-,Special Event,-,-,-,1 - In-City Defense,-,-,-,-
Yue Fei,282,Epic,1,China,"August, 2020",Mixed,Not Required,,GR11A-GR13A,GR&MT-AT-wAT,GR&MT-HP-wAT,-,-,-,Tavern,-,-,-,6 - Ground,4 - Mounted,5 - Monsters (Pushing),-,-
Zachary Taylor,283,Epic,1,America,"January, 2021",In-City Defense,Not Required,-,-,,-,-,-,Relic Rewards,General Token (Premium),General Token (GH2),-,1 - In-City Defense,-,-,-,-
Zhang Fei,284,Epic,1,China,"January, 2025",Ground,Not Required,,GR5L-GR12L,GR-AT&HP-wLD,GR&MT-DF-wLD,Wei Qing,Guan Yu,Zhao Yun,General Token (Premium),General Token (Glory),-,-,6 - Ground,-,-,-,-
Zhang Liang,285,Epic,1,China,"December, 2022",Duty Officer,Not Required,-,-,-,-,-,-,-,-,Premium Special Event,King's Party Cake,-,-,9 - Duty Officer,-,-,-,-
Zhao Yun,286,Epic,1,China,"July, 2022",Mounted,Not Required,,GR11A-MT3A,GR&MT-AT-wAT,MT-HP-wAT,-,-,-,General Token (Glory),General Token (Premium),General Token (GH2),-,4 - Mounted,5 - Monsters (Pushing),-,-,-
Zhuge Liang,287,Epic,1,China,"December, 2017",Duty Officer,Not Required,-,-,-,-,-,-,-,-,Unknown,-,-,-,9 - Duty Officer,-,-,-,-
Zizka,288,Epic,1,Europe,"September, 2023",Subordinate City,Not Required,-,-,-,-,-,-,-,-,Premium Special Event,King's Party Cake,-,-,2 - Subordinate City (PvP),-,-,-,-
Zucca,289,Epic,1,Other,"December, 2022",Siege,Not Required,,SG1A-RA13A,SG-AT-wAT,RA&SG-HP-wAT,-,-,-,General Token (Glory),General Token (Premium),-,-,10 - Siege,-,-,-,-
